CommunityID,Density,ClusteringCoeff,Conductance,FlakeODF,FOMD,TPR,CutRatio,Cohesiveness,Separability
1,0.11977401,0.1812889,0.20599251,0.01666667,0.98333333,0.98333333,0.00037112,0.01694915,1.92727273
2,1.0,0.0,0.92,0.5,0.0,0.0,0.00230092,1.0,0.04347826
3,0.4,0.0,0.8490566,1.0,0.4,0.0,0.0018018,0.25,0.08888889
4,0.5,0.0,0.85714286,1.0,0.25,0.0,0.00180144,0.33333333,0.08333333
5,1.0,0.0,0.84615385,0.5,0.0,0.0,0.00110044,1.0,0.09090909
6,1.0,0.0,0.84615385,0.5,0.0,0.0,0.00110044,1.0,0.09090909
7,0.17948718,0.08571429,0.0,0.0,0.38461538,0.38461538,0.0,0.08333333,14.0
8,0.18181818,0.0,0.0,0.0,0.09090909,0.0,0.0,0.1,10.0
9,0.1969697,0.10169492,0.0,0.0,0.41666667,0.41666667,0.0,0.09090909,13.0
10,0.16666667,0.05769231,0.0,0.0,0.23076923,0.23076923,0.0,0.08333333,13.0
11,0.5,0.0,0.71428571,0.75,0.5,0.0,0.0007506,0.33333333,0.2
12,0.5,0.0,0.57142857,0.25,0.5,0.0,0.00040032,0.33333333,0.375
13,0.1969697,0.11320755,0.0,0.0,0.33333333,0.33333333,0.0,0.09090909,13.0
14,0.22222222,0.07894737,0.0,0.0,0.3,0.3,0.0,0.11111111,10.0
15,1.0,0.0,0.90909091,1.0,0.0,0.0,0.0020008,1.0,0.05
16,0.24444444,0.14634146,0.0,0.0,0.4,0.4,0.0,0.11111111,11.0
17,0.22924901,0.34438776,0.05691057,0.0,0.95652174,0.91304348,6.115e-05,0.04545455,8.28571429
18,0.2,0.23333333,0.0,0.0,0.6,0.53333333,0.0,0.07142857,21.0
19,0.25,0.0,0.3,0.125,0.25,0.0,0.00015024,0.14285714,1.16666667
20,0.22727273,0.20338983,0.03225806,0.0,0.5,0.5,1.671e-05,0.09090909,15.0
21,0.25,0.0,0.0,0.0,0.125,0.0,0.0,0.14285714,7.0
22,0.6,0.6,0.5862069,0.4,0.8,0.8,0.00068068,0.25,0.35294118
23,0.16483516,0.06818182,0.0,0.0,0.42857143,0.21428571,0.0,0.07692308,15.0
24,1.0,0.0,0.89473684,1.0,0.0,0.0,0.00170068,1.0,0.05882353
25,0.66666667,0.0,0.63636364,0.33333333,0.33333333,0.0,0.00046695,0.5,0.28571429
26,0.25,0.0,0.125,0.0,0.125,0.0,5.008e-05,0.14285714,3.5
27,0.28888889,0.30612245,0.0,0.0,0.5,0.5,0.0,0.11111111,13.0
28,0.20289855,0.41489362,0.0,0.0,0.875,0.83333333,0.0,0.04347826,56.0
29,0.66666667,0.0,0.75,0.66666667,0.33333333,0.0,0.00080048,0.5,0.16666667
30,0.28571429,0.0,0.0,0.0,0.14285714,0.0,0.0,0.16666667,6.0
31,0.28571429,0.0,0.0,0.0,0.14285714,0.0,0.0,0.16666667,6.0
32,0.17582418,0.12765957,0.0,0.0,0.5,0.35714286,0.0,0.07692308,16.0
33,0.28571429,0.13043478,0.05882353,0.0,0.375,0.375,2.504e-05,0.14285714,8.0
34,0.25,0.0,0.0,0.0,0.25,0.0,0.0,0.14285714,7.0
35,0.22222222,0.0,0.0,0.0,0.22222222,0.0,0.0,0.125,8.0
36,0.22222222,0.0,0.0,0.0,0.33333333,0.0,0.0,0.125,8.0
37,0.28571429,0.13043478,0.11111111,0.0,0.375,0.375,5.008e-05,0.14285714,4.0
38,1.0,1.0,0.57142857,0.33333333,1.0,1.0,0.00053365,1.0,0.375
39,0.28333333,0.42424242,0.0,0.0,0.8125,0.8125,0.0,0.06666667,34.0
40,0.32142857,0.23076923,0.0,0.0,0.5,0.5,0.0,0.14285714,9.0
41,0.16993464,0.22826087,0.0,0.0,0.55555556,0.5,0.0,0.05882353,26.0
42,0.30769231,0.48322148,0.0,0.0,0.78571429,0.78571429,0.0,0.07692308,28.0
43,1.0,0.0,0.875,1.0,0.0,0.0,0.00140056,1.0,0.07142857
44,0.33333333,0.17647059,0.0,0.0,0.42857143,0.42857143,0.0,0.16666667,7.0
45,0.33333333,0.17647059,0.0,0.0,0.42857143,0.42857143,0.0,0.16666667,7.0
46,0.28571429,0.15789474,0.0,0.0,0.375,0.375,0.0,0.14285714,8.0
47,0.33333333,0.0,0.0,0.0,0.16666667,0.0,0.0,0.2,5.0
48,0.33333333,0.0,0.0,0.0,0.16666667,0.0,0.0,0.2,5.0
49,0.33333333,0.0,0.0,0.0,0.16666667,0.0,0.0,0.2,5.0
50,0.33333333,0.0,0.0,0.0,0.16666667,0.0,0.0,0.2,5.0
51,0.33333333,0.0,0.0,0.0,0.16666667,0.0,0.0,0.2,5.0
52,0.33333333,0.0,0.0,0.0,0.16666667,0.0,0.0,0.2,5.0
53,0.33333333,0.0,0.0,0.0,0.16666667,0.0,0.0,0.2,5.0
54,0.33333333,0.0,0.0,0.0,0.16666667,0.0,0.0,0.2,5.0
55,0.33333333,0.0,0.0,0.0,0.16666667,0.0,0.0,0.2,5.0
56,0.33333333,0.0,0.0,0.0,0.16666667,0.0,0.0,0.2,5.0
57,0.33333333,0.0,0.0,0.0,0.16666667,0.0,0.0,0.2,5.0
58,0.33333333,0.0,0.0,0.0,0.16666667,0.0,0.0,0.2,5.0
59,0.33333333,0.0,0.0,0.0,0.16666667,0.0,0.0,0.2,5.0
60,0.25,0.13636364,0.0,0.0,0.33333333,0.33333333,0.0,0.125,9.0
61,0.25,0.15,0.0,0.0,0.44444444,0.33333333,0.0,0.125,9.0
62,0.31111111,0.375,0.0,0.0,0.6,0.6,0.0,0.11111111,14.0
63,0.28571429,0.0,0.0,0.0,0.28571429,0.0,0.0,0.16666667,6.0
64,0.28571429,0.0,0.0,0.0,0.28571429,0.0,0.0,0.16666667,6.0
65,1.0,0.0,0.83333333,1.0,0.0,0.0,0.0010004,1.0,0.1
66,0.2,0.39893617,0.0,0.0,0.85,0.85,0.0,0.05263158,38.0
67,0.25,0.0,0.0,0.0,0.25,0.0,0.0,0.14285714,7.0
68,1.0,0.0,0.71428571,0.5,0.0,0.0,0.0005002,1.0,0.2
69,0.2,0.0,0.0,0.0,0.3,0.0,0.0,0.11111111,9.0
70,0.66666667,0.0,0.63636364,0.33333333,0.33333333,0.0,0.00046695,0.5,0.28571429
71,0.38095238,0.31578947,0.0,0.0,0.71428571,0.71428571,0.0,0.16666667,8.0
72,0.66666667,0.6,0.46666667,0.25,0.75,0.75,0.00035028,0.33333333,0.57142857
73,1.0,0.0,0.8,1.0,0.0,0.0,0.00080032,1.0,0.125
74,0.4,0.25,0.0,0.0,0.5,0.5,0.0,0.2,6.0
75,0.4,0.25,0.0,0.0,0.5,0.5,0.0,0.2,6.0
76,0.4,0.0,0.0,0.0,0.2,0.0,0.0,0.25,4.0
77,0.4,0.0,0.0,0.0,0.2,0.0,0.0,0.25,4.0
78,0.4,0.0,0.0,0.0,0.2,0.0,0.0,0.25,4.0
79,0.4,0.0,0.0,0.0,0.2,0.0,0.0,0.25,4.0
80,0.4,0.0,0.0,0.0,0.2,0.0,0.0,0.25,4.0
81,0.4,0.0,0.0,0.0,0.2,0.0,0.0,0.25,4.0
82,0.4,0.0,0.0,0.0,0.2,0.0,0.0,0.25,4.0
83,0.4,0.0,0.0,0.0,0.2,0.0,0.0,0.25,4.0
84,0.4,0.0,0.0,0.0,0.2,0.0,0.0,0.25,4.0
85,0.4,0.0,0.0,0.0,0.2,0.0,0.0,0.25,4.0
86,0.4,0.0,0.0,0.0,0.2,0.0,0.0,0.25,4.0
87,0.4,0.0,0.0,0.0,0.2,0.0,0.0,0.25,4.0
88,0.4,0.0,0.0,0.0,0.2,0.0,0.0,0.25,4.0
89,0.4,0.0,0.0,0.0,0.2,0.0,0.0,0.25,4.0
90,0.5,0.0,0.45454545,0.0,0.25,0.0,0.0002502,0.33333333,0.6
91,0.33333333,0.23076923,0.0,0.0,0.57142857,0.42857143,0.0,0.16666667,7.0
92,0.33333333,0.23076923,0.0,0.0,0.57142857,0.42857143,0.0,0.16666667,7.0
93,0.28571429,0.2,0.0,0.0,0.5,0.375,0.0,0.14285714,8.0
94,0.33333333,0.0,0.0,0.0,0.33333333,0.0,0.0,0.2,5.0
95,0.33333333,0.0,0.0,0.0,0.33333333,0.0,0.0,0.2,5.0
96,0.33333333,0.0,0.0,0.0,0.33333333,0.0,0.0,0.2,5.0
97,0.33333333,0.0,0.0,0.0,0.33333333,0.0,0.0,0.2,5.0
98,0.33333333,0.0,0.0,0.0,0.33333333,0.0,0.0,0.2,5.0
99,0.42857143,0.39130435,0.0,0.0,0.71428571,0.71428571,0.0,0.16666667,9.0
100,0.28571429,0.0,0.0,0.0,0.28571429,0.0,0.0,0.16666667,6.0
101,0.28571429,0.0,0.0,0.0,0.28571429,0.0,0.0,0.16666667,6.0
102,0.4,0.0,0.11111111,0.0,0.2,0.0,4.004e-05,0.25,4.0
103,1.0,0.0,0.66666667,0.5,0.0,0.0,0.00040016,1.0,0.25
104,0.5,0.0,0.25,0.0,0.25,0.0,0.00010008,0.33333333,1.5
105,1.0,0.0,0.66666667,0.5,0.0,0.0,0.00040016,1.0,0.25
106,0.4,0.0,0.11111111,0.0,0.2,0.0,4.004e-05,0.25,4.0
107,0.34545455,0.43478261,0.0,0.0,0.81818182,0.72727273,0.0,0.1,19.0
108,0.45454545,0.5625,0.0,0.0,0.90909091,0.90909091,0.0,0.1,25.0
109,1.0,0.0,0.66666667,0.5,0.0,0.0,0.00040016,1.0,0.25
110,1.0,0.0,0.71428571,1.0,0.0,0.0,0.0005002,1.0,0.2
111,0.2,0.0,0.0,0.0,0.4,0.0,0.0,0.11111111,9.0
112,0.38095238,0.35294118,0.0,0.0,0.57142857,0.57142857,0.0,0.16666667,8.0
113,0.46666667,0.4,0.0,0.0,0.66666667,0.66666667,0.0,0.2,7.0
114,0.46666667,0.4,0.0,0.0,0.66666667,0.66666667,0.0,0.2,7.0
115,0.46666667,0.4,0.0,0.0,0.66666667,0.66666667,0.0,0.2,7.0
116,0.46666667,0.4,0.0,0.0,0.66666667,0.66666667,0.0,0.2,7.0
117,0.41666667,0.6,0.0,0.0,0.66666667,0.66666667,0.0,0.125,15.0
118,0.46666667,0.42857143,0.0,0.0,0.83333333,0.83333333,0.0,0.2,7.0
119,0.47619048,0.4137931,0.0,0.0,0.85714286,0.85714286,0.0,0.16666667,10.0
120,1.0,0.0,0.81818182,1.0,0.0,0.0,0.00090036,1.0,0.11111111
121,0.38095238,0.46153846,0.56756757,0.57142857,0.85714286,0.85714286,0.00060084,0.16666667,0.38095238
122,0.5,0.66,0.0,0.0,0.75,0.75,0.0,0.14285714,14.0
123,0.53846154,0.72099448,0.01010101,0.0,0.92857143,0.92857143,1.433e-05,0.07692308,49.0
124,0.66666667,0.6,0.42857143,0.0,0.75,0.75,0.00030024,0.33333333,0.66666667
125,1.0,0.0,0.75,1.0,0.0,0.0,0.00060024,1.0,0.16666667
126,1.0,0.0,0.75,1.0,0.0,0.0,0.00060024,1.0,0.16666667
127,1.0,0.0,0.8,1.0,0.0,0.0,0.00080032,1.0,0.125
128,1.0,0.0,0.84615385,1.0,0.0,0.0,0.00110044,1.0,0.09090909
129,0.5,0.0,0.57142857,0.5,0.5,0.0,0.00040032,0.33333333,0.375
130,0.66666667,0.0,0.5,0.0,0.33333333,0.0,0.00026683,0.5,0.5
131,0.5,0.375,0.0,0.0,0.6,0.6,0.0,0.25,5.0
132,0.5,0.375,0.0,0.0,0.6,0.6,0.0,0.25,5.0
133,0.5,0.375,0.0,0.0,0.6,0.6,0.0,0.25,5.0
134,0.5,0.375,0.0,0.0,0.6,0.6,0.0,0.25,5.0
135,0.5,0.375,0.0,0.0,0.6,0.6,0.0,0.25,5.0
136,0.5,0.375,0.0,0.0,0.6,0.6,0.0,0.25,5.0
137,0.5,0.375,0.0,0.0,0.6,0.6,0.0,0.25,5.0
138,0.5,0.375,0.0,0.0,0.6,0.6,0.0,0.25,5.0
139,0.5,0.375,0.0,0.0,0.6,0.6,0.0,0.25,5.0
140,0.5,0.375,0.0,0.0,0.6,0.6,0.0,0.25,5.0
141,0.5,0.375,0.0,0.0,0.6,0.6,0.0,0.25,5.0
142,0.5,0.375,0.0,0.0,0.6,0.6,0.0,0.25,5.0
143,0.5,0.375,0.0,0.0,0.6,0.6,0.0,0.25,5.0
144,0.5,0.0,0.0,0.0,0.25,0.0,0.0,0.33333333,3.0
145,0.5,0.0,0.0,0.0,0.25,0.0,0.0,0.33333333,3.0
146,0.5,0.0,0.0,0.0,0.25,0.0,0.0,0.33333333,3.0
147,0.5,0.0,0.0,0.0,0.25,0.0,0.0,0.33333333,3.0
148,0.5,0.0,0.0,0.0,0.25,0.0,0.0,0.33333333,3.0
149,0.5,0.0,0.0,0.0,0.25,0.0,0.0,0.33333333,3.0
150,0.5,0.0,0.0,0.0,0.25,0.0,0.0,0.33333333,3.0
151,0.5,0.0,0.0,0.0,0.25,0.0,0.0,0.33333333,3.0
152,0.5,0.0,0.0,0.0,0.25,0.0,0.0,0.33333333,3.0
153,0.5,0.0,0.0,0.0,0.25,0.0,0.0,0.33333333,3.0
154,0.5,0.0,0.0,0.0,0.25,0.0,0.0,0.33333333,3.0
155,0.5,0.0,0.0,0.0,0.25,0.0,0.0,0.33333333,3.0
156,0.5,0.0,0.0,0.0,0.25,0.0,0.0,0.33333333,3.0
157,0.5,0.0,0.0,0.0,0.25,0.0,0.0,0.33333333,3.0
158,0.5,0.0,0.0,0.0,0.25,0.0,0.0,0.33333333,3.0
159,0.5,0.0,0.0,0.0,0.25,0.0,0.0,0.33333333,3.0
160,0.5,0.0,0.0,0.0,0.25,0.0,0.0,0.33333333,3.0
161,0.5,0.0,0.0,0.0,0.25,0.0,0.0,0.33333333,3.0
162,0.5,0.0,0.0,0.0,0.25,0.0,0.0,0.33333333,3.0
163,0.5,0.0,0.0,0.0,0.25,0.0,0.0,0.33333333,3.0
164,0.5,0.0,0.0,0.0,0.25,0.0,0.0,0.33333333,3.0
165,0.5,0.0,0.0,0.0,0.25,0.0,0.0,0.33333333,3.0
166,0.5,0.0,0.0,0.0,0.25,0.0,0.0,0.33333333,3.0
167,0.5,0.0,0.0,0.0,0.25,0.0,0.0,0.33333333,3.0
168,0.5,0.0,0.0,0.0,0.25,0.0,0.0,0.33333333,3.0
169,0.5,0.0,0.0,0.0,0.25,0.0,0.0,0.33333333,3.0
170,0.5,0.0,0.0,0.0,0.25,0.0,0.0,0.33333333,3.0
171,0.5,0.0,0.0,0.0,0.25,0.0,0.0,0.33333333,3.0
172,0.5,0.0,0.0,0.0,0.25,0.0,0.0,0.33333333,3.0
173,0.5,0.0,0.0,0.0,0.25,0.0,0.0,0.33333333,3.0
174,0.5,0.0,0.0,0.0,0.25,0.0,0.0,0.33333333,3.0
175,0.5,0.0,0.0,0.0,0.25,0.0,0.0,0.33333333,3.0
176,0.5,0.0,0.0,0.0,0.25,0.0,0.0,0.33333333,3.0
177,0.5,0.0,0.0,0.0,0.25,0.0,0.0,0.33333333,3.0
178,0.5,0.0,0.0,0.0,0.25,0.0,0.0,0.33333333,3.0
179,0.5,0.0,0.0,0.0,0.25,0.0,0.0,0.33333333,3.0
180,0.5,0.0,0.0,0.0,0.25,0.0,0.0,0.33333333,3.0
181,0.5,0.0,0.0,0.0,0.25,0.0,0.0,0.33333333,3.0
182,0.5,0.0,0.0,0.0,0.25,0.0,0.0,0.33333333,3.0
183,0.5,0.0,0.0,0.0,0.25,0.0,0.0,0.33333333,3.0
184,0.5,0.0,0.0,0.0,0.25,0.0,0.0,0.33333333,3.0
185,0.5,0.0,0.0,0.0,0.25,0.0,0.0,0.33333333,3.0
186,0.5,0.0,0.0,0.0,0.25,0.0,0.0,0.33333333,3.0
187,0.5,0.0,0.0,0.0,0.25,0.0,0.0,0.33333333,3.0
188,0.5,0.0,0.0,0.0,0.25,0.0,0.0,0.33333333,3.0
189,0.5,0.0,0.0,0.0,0.25,0.0,0.0,0.33333333,3.0
190,0.5,0.0,0.0,0.0,0.25,0.0,0.0,0.33333333,3.0
191,0.5,0.0,0.0,0.0,0.25,0.0,0.0,0.33333333,3.0
192,0.5,0.0,0.0,0.0,0.25,0.0,0.0,0.33333333,3.0
193,0.5,0.0,0.0,0.0,0.25,0.0,0.0,0.33333333,3.0
194,0.4,0.3,0.0,0.0,0.5,0.5,0.0,0.2,6.0
195,0.4,0.3,0.0,0.0,0.5,0.5,0.0,0.2,6.0
196,0.22222222,0.1875,0.0,0.0,0.6,0.3,0.0,0.11111111,10.0
197,0.33333333,0.27272727,0.0,0.0,0.57142857,0.42857143,0.0,0.16666667,7.0
198,0.28571429,0.0,0.0,0.0,0.625,0.0,0.0,0.14285714,8.0
199,0.4,0.33333333,0.0,0.0,0.66666667,0.5,0.0,0.2,6.0
200,0.53333333,0.63157895,0.0,0.0,0.66666667,0.66666667,0.0,0.2,8.0
201,0.66666667,0.0,0.78947368,1.0,0.33333333,0.0,0.0010006,0.5,0.13333333
202,1.0,0.0,0.77777778,1.0,0.0,0.0,0.00070028,1.0,0.14285714
203,0.53333333,0.47368421,0.05882353,0.0,0.83333333,0.83333333,3.337e-05,0.2,8.0
204,0.4,0.0,0.0,0.0,0.4,0.0,0.0,0.25,4.0
205,0.4,0.0,0.0,0.0,0.4,0.0,0.0,0.25,4.0
206,0.4,0.0,0.0,0.0,0.4,0.0,0.0,0.25,4.0
207,0.4,0.0,0.0,0.0,0.4,0.0,0.0,0.25,4.0
208,0.4,0.0,0.0,0.0,0.4,0.0,0.0,0.25,4.0
209,0.4,0.0,0.0,0.0,0.4,0.0,0.0,0.25,4.0
210,0.4,0.0,0.0,0.0,0.4,0.0,0.0,0.25,4.0
211,0.4,0.0,0.0,0.0,0.4,0.0,0.0,0.25,4.0
212,0.4,0.0,0.0,0.0,0.4,0.0,0.0,0.25,4.0
213,0.4,0.0,0.0,0.0,0.4,0.0,0.0,0.25,4.0
214,0.4,0.0,0.0,0.0,0.4,0.0,0.0,0.25,4.0
215,0.4,0.0,0.0,0.0,0.4,0.0,0.0,0.25,4.0
216,0.4,0.0,0.0,0.0,0.4,0.0,0.0,0.25,4.0
217,0.53333333,0.52941176,0.0,0.0,1.0,1.0,0.0,0.4,8.0
218,0.33333333,0.46875,0.0,0.0,0.55555556,0.55555556,0.0,0.125,12.0
219,1.0,0.0,0.84615385,1.0,0.0,0.0,0.00110044,1.0,0.09090909
220,0.33333333,0.0,0.0,0.0,0.33333333,0.0,0.0,0.2,5.0
221,0.33333333,0.0,0.0,0.0,0.33333333,0.0,0.0,0.2,5.0
222,0.5,0.0,0.14285714,0.0,0.25,0.0,5.004e-05,0.33333333,3.0
223,0.5,0.0,0.14285714,0.0,0.25,0.0,5.004e-05,0.33333333,3.0
224,1.0,0.0,0.6,0.5,0.0,0.0,0.00030012,1.0,0.33333333
225,1.0,0.0,0.6,0.5,0.0,0.0,0.00030012,1.0,0.33333333
226,0.27777778,0.35294118,0.0,0.0,0.77777778,0.66666667,0.0,0.125,10.0
227,0.33333333,0.0,0.0,0.0,0.5,0.0,0.0,0.2,5.0
228,0.5,0.0,0.14285714,0.0,0.25,0.0,5.004e-05,0.33333333,3.0
229,0.5,0.58695652,0.0,0.0,0.875,0.875,0.0,0.14285714,14.0
230,1.0,0.0,0.77777778,1.0,0.0,0.0,0.00070028,1.0,0.14285714
231,0.38095238,0.375,0.0,0.0,0.57142857,0.57142857,0.0,0.16666667,8.0
232,0.66666667,0.0,0.63636364,0.66666667,0.33333333,0.0,0.00046695,0.5,0.28571429
233,0.47619048,0.65217391,0.0,0.0,0.85714286,0.85714286,0.0,0.16666667,10.0
234,0.38095238,0.4,0.0,0.0,0.71428571,0.57142857,0.0,0.16666667,8.0
235,0.38095238,0.42857143,0.0,0.0,0.71428571,0.57142857,0.0,0.16666667,8.0
236,1.0,0.0,0.6,0.5,0.0,0.0,0.00030012,1.0,0.33333333
237,0.4,0.0,0.27272727,0.2,0.4,0.0,0.00012012,0.25,1.33333333
238,0.31111111,0.34285714,0.0,0.0,0.7,0.6,0.0,0.11111111,14.0
239,0.6,0.54545455,0.0,0.0,0.8,0.8,0.0,0.25,6.0
240,0.6,0.54545455,0.0,0.0,0.8,0.8,0.0,0.25,6.0
241,0.6,0.54545455,0.0,0.0,0.8,0.8,0.0,0.25,6.0
242,0.6,0.54545455,0.0,0.0,0.8,0.8,0.0,0.25,6.0
243,0.6,0.54545455,0.0,0.0,0.8,0.8,0.0,0.25,6.0
244,0.6,0.54545455,0.0,0.0,0.8,0.8,0.0,0.25,6.0
245,0.6,0.54545455,0.0,0.0,0.8,0.8,0.0,0.25,6.0
246,0.6,0.54545455,0.0,0.0,0.8,0.8,0.0,0.25,6.0
247,0.66666667,0.0,0.63636364,1.0,0.33333333,0.0,0.00046695,0.5,0.28571429
248,0.48888889,0.6969697,0.02222222,0.0,0.8,0.8,2.004e-05,0.11111111,22.0
249,0.46666667,0.5,0.0,0.0,0.83333333,0.66666667,0.0,0.2,7.0
250,0.5,0.0,0.25,0.0,0.5,0.0,0.00010008,0.33333333,1.5
251,0.6,0.6,0.0,0.0,1.0,1.0,0.0,0.5,6.0
252,0.6,0.6,0.0,0.0,1.0,1.0,0.0,0.5,6.0
253,0.66666667,0.0,0.63636364,0.66666667,0.33333333,0.0,0.00046695,0.5,0.28571429
254,0.61904762,0.61363636,0.0,0.0,1.0,1.0,0.0,0.33333333,13.0
255,0.64285714,0.76,0.0,0.0,0.875,0.875,0.0,0.14285714,18.0
256,0.4,0.375,0.0,0.0,0.66666667,0.5,0.0,0.2,6.0
257,0.4,0.0,0.11111111,0.0,0.4,0.0,4.004e-05,0.25,4.0
258,1.0,0.0,0.77777778,1.0,0.0,0.0,0.00070028,1.0,0.14285714
259,0.66666667,0.0,0.42857143,0.0,0.33333333,0.0,0.00020012,0.5,0.66666667
260,0.66666667,0.6,0.0,0.0,0.75,0.75,0.0,0.33333333,4.0
261,0.66666667,0.6,0.0,0.0,0.75,0.75,0.0,0.33333333,4.0
262,0.66666667,0.6,0.0,0.0,0.75,0.75,0.0,0.33333333,4.0
263,0.66666667,0.6,0.0,0.0,0.75,0.75,0.0,0.33333333,4.0
264,0.66666667,0.6,0.0,0.0,0.75,0.75,0.0,0.33333333,4.0
265,0.66666667,0.6,0.0,0.0,0.75,0.75,0.0,0.33333333,4.0
266,0.66666667,0.6,0.0,0.0,0.75,0.75,0.0,0.33333333,4.0
267,0.66666667,0.6,0.0,0.0,0.75,0.75,0.0,0.33333333,4.0
268,0.66666667,0.6,0.0,0.0,0.75,0.75,0.0,0.33333333,4.0
269,0.66666667,0.6,0.0,0.0,0.75,0.75,0.0,0.33333333,4.0
270,0.66666667,0.6,0.0,0.0,0.75,0.75,0.0,0.33333333,4.0
271,0.66666667,0.6,0.0,0.0,0.75,0.75,0.0,0.33333333,4.0
272,0.66666667,0.6,0.0,0.0,0.75,0.75,0.0,0.33333333,4.0
273,0.66666667,0.6,0.0,0.0,0.75,0.75,0.0,0.33333333,4.0
274,0.66666667,0.6,0.0,0.0,0.75,0.75,0.0,0.33333333,4.0
275,0.66666667,0.6,0.0,0.0,0.75,0.75,0.0,0.33333333,4.0
276,0.66666667,0.6,0.0,0.0,0.75,0.75,0.0,0.33333333,4.0
277,0.66666667,0.6,0.0,0.0,0.75,0.75,0.0,0.33333333,4.0
278,0.66666667,0.6,0.0,0.0,0.75,0.75,0.0,0.33333333,4.0
279,0.66666667,0.6,0.0,0.0,0.75,0.75,0.0,0.33333333,4.0
280,0.66666667,0.6,0.0,0.0,0.75,0.75,0.0,0.33333333,4.0
281,0.66666667,0.6,0.0,0.0,0.75,0.75,0.0,0.33333333,4.0
282,0.66666667,0.6,0.0,0.0,0.75,0.75,0.0,0.33333333,4.0
283,0.66666667,0.6,0.0,0.0,0.75,0.75,0.0,0.33333333,4.0
284,0.66666667,0.6,0.0,0.0,0.75,0.75,0.0,0.33333333,4.0
285,0.66666667,0.6,0.0,0.0,0.75,0.75,0.0,0.33333333,4.0
286,0.66666667,0.0,0.0,0.0,0.33333333,0.0,0.0,0.5,2.0
287,0.66666667,0.0,0.0,0.0,0.33333333,0.0,0.0,0.5,2.0
288,0.66666667,0.0,0.0,0.0,0.33333333,0.0,0.0,0.5,2.0
289,0.66666667,0.0,0.0,0.0,0.33333333,0.0,0.0,0.5,2.0
290,0.66666667,0.0,0.0,0.0,0.33333333,0.0,0.0,0.5,2.0
291,0.66666667,0.0,0.0,0.0,0.33333333,0.0,0.0,0.5,2.0
292,0.66666667,0.0,0.0,0.0,0.33333333,0.0,0.0,0.5,2.0
293,0.66666667,0.0,0.0,0.0,0.33333333,0.0,0.0,0.5,2.0
294,0.66666667,0.0,0.0,0.0,0.33333333,0.0,0.0,0.5,2.0
295,0.66666667,0.0,0.0,0.0,0.33333333,0.0,0.0,0.5,2.0
296,0.66666667,0.0,0.0,0.0,0.33333333,0.0,0.0,0.5,2.0
297,0.66666667,0.0,0.0,0.0,0.33333333,0.0,0.0,0.5,2.0
298,0.66666667,0.0,0.0,0.0,0.33333333,0.0,0.0,0.5,2.0
299,0.66666667,0.0,0.0,0.0,0.33333333,0.0,0.0,0.5,2.0
300,0.66666667,0.0,0.0,0.0,0.33333333,0.0,0.0,0.5,2.0
301,0.66666667,0.0,0.0,0.0,0.33333333,0.0,0.0,0.5,2.0
302,0.66666667,0.0,0.0,0.0,0.33333333,0.0,0.0,0.5,2.0
303,0.66666667,0.0,0.0,0.0,0.33333333,0.0,0.0,0.5,2.0
304,0.66666667,0.0,0.0,0.0,0.33333333,0.0,0.0,0.5,2.0
305,0.66666667,0.0,0.0,0.0,0.33333333,0.0,0.0,0.5,2.0
306,0.66666667,0.0,0.0,0.0,0.33333333,0.0,0.0,0.5,2.0
307,0.66666667,0.0,0.0,0.0,0.33333333,0.0,0.0,0.5,2.0
308,0.66666667,0.0,0.0,0.0,0.33333333,0.0,0.0,0.5,2.0
309,0.66666667,0.0,0.0,0.0,0.33333333,0.0,0.0,0.5,2.0
310,0.66666667,0.0,0.0,0.0,0.33333333,0.0,0.0,0.5,2.0
311,0.66666667,0.0,0.0,0.0,0.33333333,0.0,0.0,0.5,2.0
312,0.66666667,0.0,0.0,0.0,0.33333333,0.0,0.0,0.5,2.0
313,0.66666667,0.0,0.0,0.0,0.33333333,0.0,0.0,0.5,2.0
314,0.66666667,0.0,0.0,0.0,0.33333333,0.0,0.0,0.5,2.0
315,0.66666667,0.0,0.0,0.0,0.33333333,0.0,0.0,0.5,2.0
316,0.66666667,0.0,0.0,0.0,0.33333333,0.0,0.0,0.5,2.0
317,0.66666667,0.0,0.0,0.0,0.33333333,0.0,0.0,0.5,2.0
318,0.66666667,0.0,0.0,0.0,0.33333333,0.0,0.0,0.5,2.0
319,0.66666667,0.0,0.0,0.0,0.33333333,0.0,0.0,0.5,2.0
320,0.66666667,0.0,0.0,0.0,0.33333333,0.0,0.0,0.5,2.0
321,0.66666667,0.0,0.0,0.0,0.33333333,0.0,0.0,0.5,2.0
322,0.66666667,0.0,0.0,0.0,0.33333333,0.0,0.0,0.5,2.0
323,0.66666667,0.0,0.0,0.0,0.33333333,0.0,0.0,0.5,2.0
324,0.66666667,0.0,0.0,0.0,0.33333333,0.0,0.0,0.5,2.0
325,0.66666667,0.0,0.0,0.0,0.33333333,0.0,0.0,0.5,2.0
326,0.66666667,0.0,0.0,0.0,0.33333333,0.0,0.0,0.5,2.0
327,0.66666667,0.0,0.0,0.0,0.33333333,0.0,0.0,0.5,2.0
328,0.66666667,0.0,0.0,0.0,0.33333333,0.0,0.0,0.5,2.0
329,0.66666667,0.0,0.0,0.0,0.33333333,0.0,0.0,0.5,2.0
330,0.66666667,0.0,0.0,0.0,0.33333333,0.0,0.0,0.5,2.0
331,0.66666667,0.0,0.0,0.0,0.33333333,0.0,0.0,0.5,2.0
332,0.66666667,0.0,0.0,0.0,0.33333333,0.0,0.0,0.5,2.0
333,0.66666667,0.0,0.0,0.0,0.33333333,0.0,0.0,0.5,2.0
334,0.66666667,0.0,0.0,0.0,0.33333333,0.0,0.0,0.5,2.0
335,0.66666667,0.0,0.0,0.0,0.33333333,0.0,0.0,0.5,2.0
336,0.66666667,0.0,0.0,0.0,0.33333333,0.0,0.0,0.5,2.0
337,0.66666667,0.0,0.0,0.0,0.33333333,0.0,0.0,0.5,2.0
338,0.66666667,0.0,0.0,0.0,0.33333333,0.0,0.0,0.5,2.0
339,0.66666667,0.0,0.0,0.0,0.33333333,0.0,0.0,0.5,2.0
340,0.66666667,0.0,0.0,0.0,0.33333333,0.0,0.0,0.5,2.0
341,0.66666667,0.0,0.0,0.0,0.33333333,0.0,0.0,0.5,2.0
342,0.66666667,0.0,0.0,0.0,0.33333333,0.0,0.0,0.5,2.0
343,0.66666667,0.0,0.0,0.0,0.33333333,0.0,0.0,0.5,2.0
344,0.66666667,0.0,0.0,0.0,0.33333333,0.0,0.0,0.5,2.0
345,0.66666667,0.0,0.0,0.0,0.33333333,0.0,0.0,0.5,2.0
346,0.66666667,0.0,0.0,0.0,0.33333333,0.0,0.0,0.5,2.0
347,0.66666667,0.0,0.0,0.0,0.33333333,0.0,0.0,0.5,2.0
348,0.66666667,0.0,0.0,0.0,0.33333333,0.0,0.0,0.5,2.0
349,0.66666667,0.0,0.0,0.0,0.33333333,0.0,0.0,0.5,2.0
350,0.66666667,0.0,0.0,0.0,0.33333333,0.0,0.0,0.5,2.0
351,0.66666667,0.0,0.0,0.0,0.33333333,0.0,0.0,0.5,2.0
352,0.66666667,0.0,0.0,0.0,0.33333333,0.0,0.0,0.5,2.0
353,0.66666667,0.0,0.0,0.0,0.33333333,0.0,0.0,0.5,2.0
354,0.66666667,0.0,0.0,0.0,0.33333333,0.0,0.0,0.5,2.0
355,0.66666667,0.0,0.0,0.0,0.33333333,0.0,0.0,0.5,2.0
356,0.66666667,0.0,0.0,0.0,0.33333333,0.0,0.0,0.5,2.0
357,0.66666667,0.0,0.0,0.0,0.33333333,0.0,0.0,0.5,2.0
358,0.66666667,0.0,0.0,0.0,0.33333333,0.0,0.0,0.5,2.0
359,0.66666667,0.0,0.0,0.0,0.33333333,0.0,0.0,0.5,2.0
360,0.66666667,0.0,0.0,0.0,0.33333333,0.0,0.0,0.5,2.0
361,0.66666667,0.0,0.0,0.0,0.33333333,0.0,0.0,0.5,2.0
362,0.66666667,0.0,0.0,0.0,0.33333333,0.0,0.0,0.5,2.0
363,0.66666667,0.0,0.0,0.0,0.33333333,0.0,0.0,0.5,2.0
364,0.66666667,0.0,0.0,0.0,0.33333333,0.0,0.0,0.5,2.0
365,0.66666667,0.0,0.0,0.0,0.33333333,0.0,0.0,0.5,2.0
366,0.66666667,0.0,0.0,0.0,0.33333333,0.0,0.0,0.5,2.0
367,0.66666667,0.0,0.0,0.0,0.33333333,0.0,0.0,0.5,2.0
368,0.66666667,0.0,0.0,0.0,0.33333333,0.0,0.0,0.5,2.0
369,0.66666667,0.0,0.0,0.0,0.33333333,0.0,0.0,0.5,2.0
370,0.66666667,0.0,0.0,0.0,0.33333333,0.0,0.0,0.5,2.0
371,0.66666667,0.0,0.0,0.0,0.33333333,0.0,0.0,0.5,2.0
372,0.66666667,0.0,0.0,0.0,0.33333333,0.0,0.0,0.5,2.0
373,0.66666667,0.0,0.0,0.0,0.33333333,0.0,0.0,0.5,2.0
374,0.66666667,0.0,0.0,0.0,0.33333333,0.0,0.0,0.5,2.0
375,0.66666667,0.0,0.0,0.0,0.33333333,0.0,0.0,0.5,2.0
376,0.66666667,0.0,0.0,0.0,0.33333333,0.0,0.0,0.5,2.0
377,0.66666667,0.0,0.0,0.0,0.33333333,0.0,0.0,0.5,2.0
378,0.66666667,0.0,0.0,0.0,0.33333333,0.0,0.0,0.5,2.0
379,0.66666667,0.0,0.0,0.0,0.33333333,0.0,0.0,0.5,2.0
380,0.66666667,0.0,0.0,0.0,0.33333333,0.0,0.0,0.5,2.0
381,0.66666667,0.0,0.0,0.0,0.33333333,0.0,0.0,0.5,2.0
382,0.66666667,0.0,0.0,0.0,0.33333333,0.0,0.0,0.5,2.0
383,0.66666667,0.0,0.0,0.0,0.33333333,0.0,0.0,0.5,2.0
384,0.66666667,0.0,0.0,0.0,0.33333333,0.0,0.0,0.5,2.0
385,0.66666667,0.0,0.0,0.0,0.33333333,0.0,0.0,0.5,2.0
386,0.66666667,0.0,0.0,0.0,0.33333333,0.0,0.0,0.5,2.0
387,0.66666667,0.0,0.0,0.0,0.33333333,0.0,0.0,0.5,2.0
388,0.66666667,0.0,0.0,0.0,0.33333333,0.0,0.0,0.5,2.0
389,0.66666667,0.0,0.0,0.0,0.33333333,0.0,0.0,0.5,2.0
390,0.66666667,0.0,0.0,0.0,0.33333333,0.0,0.0,0.5,2.0
391,0.66666667,0.0,0.0,0.0,0.33333333,0.0,0.0,0.5,2.0
392,0.66666667,0.0,0.0,0.0,0.33333333,0.0,0.0,0.5,2.0
393,0.66666667,0.0,0.0,0.0,0.33333333,0.0,0.0,0.5,2.0
394,0.66666667,0.0,0.0,0.0,0.33333333,0.0,0.0,0.5,2.0
395,0.66666667,0.0,0.0,0.0,0.33333333,0.0,0.0,0.5,2.0
396,0.66666667,0.0,0.0,0.0,0.33333333,0.0,0.0,0.5,2.0
397,0.66666667,0.0,0.0,0.0,0.33333333,0.0,0.0,0.5,2.0
398,0.66666667,0.0,0.0,0.0,0.33333333,0.0,0.0,0.5,2.0
399,0.66666667,0.0,0.0,0.0,0.33333333,0.0,0.0,0.5,2.0
400,0.66666667,0.0,0.0,0.0,0.33333333,0.0,0.0,0.5,2.0
401,0.66666667,0.0,0.0,0.0,0.33333333,0.0,0.0,0.5,2.0
402,0.66666667,0.0,0.0,0.0,0.33333333,0.0,0.0,0.5,2.0
403,0.66666667,0.0,0.0,0.0,0.33333333,0.0,0.0,0.5,2.0
404,0.66666667,0.0,0.0,0.0,0.33333333,0.0,0.0,0.5,2.0
405,0.66666667,0.0,0.0,0.0,0.33333333,0.0,0.0,0.5,2.0
406,0.66666667,0.0,0.0,0.0,0.33333333,0.0,0.0,0.5,2.0
407,0.66666667,0.0,0.0,0.0,0.33333333,0.0,0.0,0.5,2.0
408,0.66666667,0.0,0.0,0.0,0.33333333,0.0,0.0,0.5,2.0
409,0.66666667,0.0,0.0,0.0,0.33333333,0.0,0.0,0.5,2.0
410,0.66666667,0.0,0.0,0.0,0.33333333,0.0,0.0,0.5,2.0
411,0.66666667,0.0,0.0,0.0,0.33333333,0.0,0.0,0.5,2.0
412,0.66666667,0.0,0.0,0.0,0.33333333,0.0,0.0,0.5,2.0
413,0.66666667,0.0,0.0,0.0,0.33333333,0.0,0.0,0.5,2.0
414,0.66666667,0.0,0.0,0.0,0.33333333,0.0,0.0,0.5,2.0
415,0.66666667,0.0,0.0,0.0,0.33333333,0.0,0.0,0.5,2.0
416,0.66666667,0.0,0.0,0.0,0.33333333,0.0,0.0,0.5,2.0
417,0.66666667,0.0,0.0,0.0,0.33333333,0.0,0.0,0.5,2.0
418,0.66666667,0.0,0.0,0.0,0.33333333,0.0,0.0,0.5,2.0
419,0.66666667,0.0,0.0,0.0,0.33333333,0.0,0.0,0.5,2.0
420,0.66666667,0.0,0.0,0.0,0.33333333,0.0,0.0,0.5,2.0
421,0.66666667,0.0,0.0,0.0,0.33333333,0.0,0.0,0.5,2.0
422,0.66666667,0.0,0.0,0.0,0.33333333,0.0,0.0,0.5,2.0
423,0.66666667,0.0,0.0,0.0,0.33333333,0.0,0.0,0.5,2.0
424,0.66666667,0.0,0.0,0.0,0.33333333,0.0,0.0,0.5,2.0
425,0.66666667,0.0,0.0,0.0,0.33333333,0.0,0.0,0.5,2.0
426,0.66666667,0.0,0.0,0.0,0.33333333,0.0,0.0,0.5,2.0
427,0.66666667,0.0,0.0,0.0,0.33333333,0.0,0.0,0.5,2.0
428,0.66666667,0.0,0.0,0.0,0.33333333,0.0,0.0,0.5,2.0
429,0.66666667,0.0,0.0,0.0,0.33333333,0.0,0.0,0.5,2.0
430,0.66666667,0.0,0.0,0.0,0.33333333,0.0,0.0,0.5,2.0
431,0.66666667,0.0,0.0,0.0,0.33333333,0.0,0.0,0.5,2.0
432,0.66666667,0.0,0.0,0.0,0.33333333,0.0,0.0,0.5,2.0
433,0.66666667,0.0,0.0,0.0,0.33333333,0.0,0.0,0.5,2.0
434,0.66666667,0.0,0.0,0.0,0.33333333,0.0,0.0,0.5,2.0
435,0.66666667,0.0,0.0,0.0,0.33333333,0.0,0.0,0.5,2.0
436,0.66666667,0.0,0.0,0.0,0.33333333,0.0,0.0,0.5,2.0
437,0.66666667,0.0,0.0,0.0,0.33333333,0.0,0.0,0.5,2.0
438,0.66666667,0.0,0.0,0.0,0.33333333,0.0,0.0,0.5,2.0
439,0.66666667,0.0,0.0,0.0,0.33333333,0.0,0.0,0.5,2.0
440,0.66666667,0.0,0.0,0.0,0.33333333,0.0,0.0,0.5,2.0
441,0.66666667,0.0,0.0,0.0,0.33333333,0.0,0.0,0.5,2.0
442,0.66666667,0.0,0.0,0.0,0.33333333,0.0,0.0,0.5,2.0
443,0.66666667,0.0,0.0,0.0,0.33333333,0.0,0.0,0.5,2.0
444,0.66666667,0.0,0.0,0.0,0.33333333,0.0,0.0,0.5,2.0
445,0.66666667,0.0,0.0,0.0,0.33333333,0.0,0.0,0.5,2.0
446,0.66666667,0.0,0.0,0.0,0.33333333,0.0,0.0,0.5,2.0
447,0.66666667,0.0,0.0,0.0,0.33333333,0.0,0.0,0.5,2.0
448,0.66666667,0.0,0.0,0.0,0.33333333,0.0,0.0,0.5,2.0
449,0.66666667,0.0,0.0,0.0,0.33333333,0.0,0.0,0.5,2.0
450,0.66666667,0.0,0.0,0.0,0.33333333,0.0,0.0,0.5,2.0
451,0.66666667,0.0,0.0,0.0,0.33333333,0.0,0.0,0.5,2.0
452,0.66666667,0.0,0.0,0.0,0.33333333,0.0,0.0,0.5,2.0
453,0.66666667,0.0,0.0,0.0,0.33333333,0.0,0.0,0.5,2.0
454,0.66666667,0.0,0.0,0.0,0.33333333,0.0,0.0,0.5,2.0
455,0.66666667,0.0,0.0,0.0,0.33333333,0.0,0.0,0.5,2.0
456,0.66666667,0.0,0.0,0.0,0.33333333,0.0,0.0,0.5,2.0
457,0.66666667,0.0,0.0,0.0,0.33333333,0.0,0.0,0.5,2.0
458,0.66666667,0.0,0.0,0.0,0.33333333,0.0,0.0,0.5,2.0
459,0.66666667,0.0,0.0,0.0,0.33333333,0.0,0.0,0.5,2.0
460,0.66666667,0.0,0.0,0.0,0.33333333,0.0,0.0,0.5,2.0
461,0.66666667,0.0,0.0,0.0,0.33333333,0.0,0.0,0.5,2.0
462,0.66666667,0.0,0.0,0.0,0.33333333,0.0,0.0,0.5,2.0
463,0.66666667,0.0,0.0,0.0,0.33333333,0.0,0.0,0.5,2.0
464,0.66666667,0.0,0.0,0.0,0.33333333,0.0,0.0,0.5,2.0
465,0.66666667,0.0,0.0,0.0,0.33333333,0.0,0.0,0.5,2.0
466,0.66666667,0.0,0.0,0.0,0.33333333,0.0,0.0,0.5,2.0
467,0.66666667,0.0,0.0,0.0,0.33333333,0.0,0.0,0.5,2.0
468,0.66666667,0.0,0.0,0.0,0.33333333,0.0,0.0,0.5,2.0
469,0.66666667,0.0,0.0,0.0,0.33333333,0.0,0.0,0.5,2.0
470,0.66666667,0.0,0.0,0.0,0.33333333,0.0,0.0,0.5,2.0
471,0.66666667,0.0,0.0,0.0,0.33333333,0.0,0.0,0.5,2.0
472,0.66666667,0.0,0.0,0.0,0.33333333,0.0,0.0,0.5,2.0
473,0.66666667,0.0,0.0,0.0,0.33333333,0.0,0.0,0.5,2.0
474,0.66666667,0.0,0.0,0.0,0.33333333,0.0,0.0,0.5,2.0
475,0.66666667,0.0,0.0,0.0,0.33333333,0.0,0.0,0.5,2.0
476,0.66666667,0.0,0.0,0.0,0.33333333,0.0,0.0,0.5,2.0
477,0.66666667,0.0,0.0,0.0,0.33333333,0.0,0.0,0.5,2.0
478,0.66666667,0.0,0.0,0.0,0.33333333,0.0,0.0,0.5,2.0
479,0.66666667,0.0,0.0,0.0,0.33333333,0.0,0.0,0.5,2.0
480,0.66666667,0.0,0.0,0.0,0.33333333,0.0,0.0,0.5,2.0
481,0.66666667,0.0,0.0,0.0,0.33333333,0.0,0.0,0.5,2.0
482,0.4,0.0,0.2,0.0,0.4,0.0,8.008e-05,0.25,2.0
483,0.5,0.42857143,0.0,0.0,0.6,0.6,0.0,0.25,5.0
484,1.0,0.0,0.77777778,1.0,0.0,0.0,0.00070028,1.0,0.14285714
485,0.5,0.0,0.33333333,0.0,0.25,0.0,0.00015012,0.33333333,1.0
486,0.5,0.5,0.33333333,0.0,0.8,0.6,0.0002002,0.25,1.0
487,0.57142857,0.78947368,0.0,0.0,0.71428571,0.71428571,0.0,0.16666667,12.0
488,0.67857143,0.66666667,0.0,0.0,1.0,1.0,0.0,0.28571429,19.0
489,0.4,0.375,0.0,0.0,0.66666667,0.5,0.0,0.2,6.0
490,0.4,0.375,0.0,0.0,0.66666667,0.5,0.0,0.2,6.0
491,0.4,0.375,0.0,0.0,0.66666667,0.5,0.0,0.2,6.0
492,0.4,0.375,0.0,0.0,0.66666667,0.5,0.0,0.2,6.0
493,0.7,0.8,0.0,0.0,0.8,0.8,0.0,0.25,7.0
494,0.7,0.8,0.0,0.0,0.8,0.8,0.0,0.25,7.0
495,0.7,0.8,0.0,0.0,0.8,0.8,0.0,0.25,7.0
496,0.5,0.5,0.0,0.0,0.8,0.6,0.0,0.25,5.0
497,0.5,0.5,0.0,0.0,0.8,0.6,0.0,0.25,5.0
498,0.42857143,0.52941176,0.0,0.0,0.85714286,0.71428571,0.0,0.16666667,9.0
499,0.57142857,0.85714286,0.0,0.0,0.85714286,0.71428571,0.0,0.16666667,12.0
500,0.7,0.6,0.0,0.0,1.0,1.0,0.0,0.5,7.0
501,0.7,0.6,0.0,0.0,1.0,1.0,0.0,0.5,7.0
502,0.7,0.6,0.0,0.0,1.0,1.0,0.0,0.5,7.0
503,0.7,0.6,0.0,0.0,1.0,1.0,0.0,0.5,7.0
504,0.7,0.64285714,0.0,0.0,1.0,1.0,0.0,0.5,7.0
505,0.7,0.64285714,0.0,0.0,1.0,1.0,0.0,0.5,7.0
506,0.5,0.46153846,0.0,0.0,1.0,1.0,0.0,0.28571429,14.0
507,0.73333333,0.72727273,0.0,0.0,1.0,1.0,0.0,0.4,11.0
508,1.0,1.0,0.25,0.0,1.0,1.0,0.00013341,1.0,1.5
509,0.66666667,0.0,0.6,0.66666667,0.33333333,0.0,0.00040024,0.5,0.33333333
510,0.75,0.76530612,0.0,0.0,1.0,1.0,0.0,0.42857143,21.0
511,0.5,0.0,0.0,0.0,0.5,0.0,0.0,0.33333333,3.0
512,0.5,0.0,0.0,0.0,0.5,0.0,0.0,0.33333333,3.0
513,0.5,0.0,0.0,0.0,0.5,0.0,0.0,0.33333333,3.0
514,0.5,0.0,0.0,0.0,0.5,0.0,0.0,0.33333333,3.0
515,0.5,0.0,0.0,0.0,0.5,0.0,0.0,0.33333333,3.0
516,0.5,0.0,0.0,0.0,0.5,0.0,0.0,0.33333333,3.0
517,0.5,0.0,0.0,0.0,0.5,0.0,0.0,0.33333333,3.0
518,0.5,0.0,0.0,0.0,0.5,0.0,0.0,0.33333333,3.0
519,0.5,0.0,0.0,0.0,0.5,0.0,0.0,0.33333333,3.0
520,0.5,0.0,0.0,0.0,0.5,0.0,0.0,0.33333333,3.0
521,0.5,0.0,0.0,0.0,0.5,0.0,0.0,0.33333333,3.0
522,0.5,0.0,0.0,0.0,0.5,0.0,0.0,0.33333333,3.0
523,0.5,0.0,0.0,0.0,0.5,0.0,0.0,0.33333333,3.0
524,0.5,0.0,0.0,0.0,0.5,0.0,0.0,0.33333333,3.0
525,0.5,0.0,0.0,0.0,0.5,0.0,0.0,0.33333333,3.0
526,0.5,0.0,0.0,0.0,0.5,0.0,0.0,0.33333333,3.0
527,0.5,0.0,0.0,0.0,0.5,0.0,0.0,0.33333333,3.0
528,0.5,0.0,0.0,0.0,0.5,0.0,0.0,0.33333333,3.0
529,0.5,0.0,0.0,0.0,0.5,0.0,0.0,0.33333333,3.0
530,0.5,0.0,0.0,0.0,0.5,0.0,0.0,0.33333333,3.0
531,0.5,0.0,0.0,0.0,0.5,0.0,0.0,0.33333333,3.0
532,1.0,1.0,0.33333333,0.0,1.0,1.0,0.00020012,1.0,1.0
533,0.76190476,0.80952381,0.0,0.0,1.0,1.0,0.0,0.33333333,16.0
534,1.0,0.0,0.66666667,1.0,0.0,0.0,0.00040016,1.0,0.25
535,0.66666667,0.6,0.11111111,0.0,0.75,0.75,5.004e-05,0.33333333,4.0
536,1.0,0.0,0.66666667,1.0,0.0,0.0,0.00040016,1.0,0.25
537,0.6,0.6,0.0,0.0,0.8,0.8,0.0,0.25,6.0
538,0.66666667,0.0,0.2,0.0,0.33333333,0.0,6.671e-05,0.5,2.0
539,1.0,0.0,0.5,0.0,0.0,0.0,0.00020008,1.0,0.5
540,0.66666667,0.0,0.2,0.0,0.33333333,0.0,6.671e-05,0.5,2.0
541,1.0,0.0,0.5,0.0,0.0,0.0,0.00020008,1.0,0.5
542,1.0,0.0,0.5,0.0,0.0,0.0,0.00020008,1.0,0.5
543,1.0,0.0,0.5,0.0,0.0,0.0,0.00020008,1.0,0.5
544,1.0,0.0,0.5,0.0,0.0,0.0,0.00020008,1.0,0.5
545,0.66666667,0.0,0.2,0.0,0.33333333,0.0,6.671e-05,0.5,2.0
546,0.66666667,0.0,0.2,0.0,0.33333333,0.0,6.671e-05,0.5,2.0
547,1.0,0.0,0.5,0.0,0.0,0.0,0.00020008,1.0,0.5
548,1.0,0.0,0.66666667,1.0,0.0,0.0,0.00040016,1.0,0.25
549,0.8,0.78947368,0.0,0.0,1.0,1.0,0.0,0.5,8.0
550,0.8,0.78947368,0.0,0.0,1.0,1.0,0.0,0.5,8.0
551,0.8,0.78947368,0.0,0.0,1.0,1.0,0.0,0.5,8.0
552,0.8,0.78947368,0.0,0.0,1.0,1.0,0.0,0.5,8.0
553,0.66666667,0.61363636,0.0,0.0,1.0,1.0,0.0,0.5,14.0
554,1.0,0.0,0.6,0.5,0.0,0.0,0.00030012,1.0,0.33333333
555,0.80952381,0.81428571,0.0,0.0,1.0,1.0,0.0,0.5,17.0
556,0.66666667,0.0,0.2,0.0,0.33333333,0.0,6.671e-05,0.5,2.0
557,1.0,0.0,0.5,0.0,0.0,0.0,0.00020008,1.0,0.5
558,0.66666667,0.0,0.2,0.0,0.33333333,0.0,6.671e-05,0.5,2.0
559,1.0,0.0,0.5,0.0,0.0,0.0,0.00020008,1.0,0.5
560,0.66666667,0.0,0.6,0.33333333,0.33333333,0.0,0.00040024,0.5,0.33333333
561,0.42857143,0.6,0.0,0.0,1.0,1.0,0.0,0.16666667,9.0
562,0.83333333,0.75,0.0,0.0,1.0,1.0,0.0,0.66666667,5.0
563,0.83333333,0.75,0.0,0.0,1.0,1.0,0.0,0.66666667,5.0
564,0.83333333,0.75,0.0,0.0,1.0,1.0,0.0,0.66666667,5.0
565,0.83333333,0.75,0.0,0.0,1.0,1.0,0.0,0.66666667,5.0
566,0.83333333,0.75,0.0,0.0,1.0,1.0,0.0,0.66666667,5.0
567,0.83333333,0.75,0.0,0.0,1.0,1.0,0.0,0.66666667,5.0
568,0.83333333,0.75,0.0,0.0,1.0,1.0,0.0,0.66666667,5.0
569,0.83333333,0.75,0.0,0.0,1.0,1.0,0.0,0.66666667,5.0
570,0.83333333,0.75,0.0,0.0,1.0,1.0,0.0,0.66666667,5.0
571,0.83333333,0.75,0.0,0.0,1.0,1.0,0.0,0.66666667,5.0
572,0.83333333,0.75,0.0,0.0,1.0,1.0,0.0,0.66666667,5.0
573,0.83333333,0.75,0.0,0.0,1.0,1.0,0.0,0.66666667,5.0
574,0.83333333,0.75,0.0,0.0,1.0,1.0,0.0,0.66666667,5.0
575,0.83333333,0.75,0.0,0.0,1.0,1.0,0.0,0.66666667,5.0
576,0.83333333,0.75,0.0,0.0,1.0,1.0,0.0,0.66666667,5.0
577,0.83333333,0.75,0.0,0.0,1.0,1.0,0.0,0.66666667,5.0
578,0.83333333,0.75,0.0,0.0,1.0,1.0,0.0,0.66666667,5.0
579,0.66666667,0.0,0.2,0.0,0.33333333,0.0,6.671e-05,0.5,2.0
580,1.0,0.0,0.5,0.0,0.0,0.0,0.00020008,1.0,0.5
581,1.0,0.0,0.5,0.0,0.0,0.0,0.00020008,1.0,0.5
582,0.66666667,0.0,0.2,0.0,0.33333333,0.0,6.671e-05,0.5,2.0
583,0.66666667,0.0,0.2,0.0,0.33333333,0.0,6.671e-05,0.5,2.0
584,0.5,0.0,0.14285714,0.0,0.5,0.0,5.004e-05,0.33333333,3.0
585,0.85714286,0.84615385,0.0,0.0,1.0,1.0,0.0,0.66666667,18.0
586,1.0,0.0,0.5,0.0,0.0,0.0,0.00020008,1.0,0.5
587,1.0,0.0,0.5,0.0,0.0,0.0,0.00020008,1.0,0.5
588,1.0,0.0,0.5,0.0,0.0,0.0,0.00020008,1.0,0.5
589,1.0,0.0,0.8,1.0,0.0,0.0,0.00080032,1.0,0.125
590,1.0,0.0,0.33333333,0.0,0.0,0.0,0.00010004,1.0,1.0
591,1.0,0.0,0.5,0.0,0.0,0.0,0.00020008,1.0,0.5
592,0.9,0.875,0.0,0.0,1.0,1.0,0.0,0.75,9.0
593,0.9,0.875,0.0,0.0,1.0,1.0,0.0,0.75,9.0
594,1.0,1.0,0.33333333,0.0,1.0,1.0,0.00020012,1.0,1.0
595,0.93333333,0.92307692,0.0,0.0,1.0,1.0,0.0,0.8,14.0
596,1.0,0.0,0.5,0.0,0.0,0.0,0.00020008,1.0,0.5
597,1.0,0.0,0.5,0.0,0.0,0.0,0.00020008,1.0,0.5
598,1.0,0.0,0.5,0.0,0.0,0.0,0.00020008,1.0,0.5
599,1.0,1.0,0.0,0.0,1.0,1.0,0.0,1.0,6.0
600,1.0,1.0,0.0,0.0,1.0,1.0,0.0,1.0,6.0
601,1.0,1.0,0.0,0.0,1.0,1.0,0.0,1.0,6.0
602,1.0,1.0,0.0,0.0,1.0,1.0,0.0,1.0,6.0
603,1.0,1.0,0.0,0.0,1.0,1.0,0.0,1.0,6.0
604,1.0,1.0,0.0,0.0,1.0,1.0,0.0,1.0,6.0
605,1.0,1.0,0.0,0.0,1.0,1.0,0.0,1.0,6.0
606,1.0,1.0,0.0,0.0,1.0,1.0,0.0,1.0,6.0
607,1.0,1.0,0.0,0.0,1.0,1.0,0.0,1.0,6.0
608,1.0,0.0,0.0,0.0,0.0,0.0,0.0,1.0,1.0
609,1.0,0.0,0.0,0.0,0.0,0.0,0.0,1.0,1.0
610,1.0,0.0,0.0,0.0,0.0,0.0,0.0,1.0,1.0
611,1.0,0.0,0.0,0.0,0.0,0.0,0.0,1.0,1.0
612,1.0,0.0,0.0,0.0,0.0,0.0,0.0,1.0,1.0
613,1.0,1.0,0.0,0.0,1.0,1.0,0.0,1.0,3.0
614,1.0,0.0,0.0,0.0,0.0,0.0,0.0,1.0,1.0
615,1.0,0.0,0.0,0.0,0.0,0.0,0.0,1.0,1.0
616,1.0,0.0,0.0,0.0,0.0,0.0,0.0,1.0,1.0
617,1.0,0.0,0.0,0.0,0.0,0.0,0.0,1.0,1.0
618,1.0,1.0,0.0,0.0,1.0,1.0,0.0,1.0,3.0
619,1.0,0.0,0.0,0.0,0.0,0.0,0.0,1.0,1.0
620,1.0,0.0,0.0,0.0,0.0,0.0,0.0,1.0,1.0
621,1.0,0.0,0.0,0.0,0.0,0.0,0.0,1.0,1.0
622,1.0,0.0,0.0,0.0,0.0,0.0,0.0,1.0,1.0
623,1.0,0.0,0.0,0.0,0.0,0.0,0.0,1.0,1.0
624,1.0,0.0,0.0,0.0,0.0,0.0,0.0,1.0,1.0
625,1.0,0.0,0.0,0.0,0.0,0.0,0.0,1.0,1.0
626,1.0,0.0,0.0,0.0,0.0,0.0,0.0,1.0,1.0
627,1.0,0.0,0.0,0.0,0.0,0.0,0.0,1.0,1.0
628,1.0,0.0,0.0,0.0,0.0,0.0,0.0,1.0,1.0
629,1.0,0.0,0.0,0.0,0.0,0.0,0.0,1.0,1.0
630,1.0,0.0,0.0,0.0,0.0,0.0,0.0,1.0,1.0
631,1.0,0.0,0.0,0.0,0.0,0.0,0.0,1.0,1.0
632,1.0,1.0,0.0,0.0,1.0,1.0,0.0,1.0,3.0
633,1.0,0.0,0.0,0.0,0.0,0.0,0.0,1.0,1.0
634,1.0,0.0,0.0,0.0,0.0,0.0,0.0,1.0,1.0
635,1.0,0.0,0.0,0.0,0.0,0.0,0.0,1.0,1.0
636,1.0,0.0,0.0,0.0,0.0,0.0,0.0,1.0,1.0
637,1.0,0.0,0.0,0.0,0.0,0.0,0.0,1.0,1.0
638,1.0,0.0,0.0,0.0,0.0,0.0,0.0,1.0,1.0
639,1.0,0.0,0.0,0.0,0.0,0.0,0.0,1.0,1.0
640,1.0,0.0,0.0,0.0,0.0,0.0,0.0,1.0,1.0
641,1.0,0.0,0.0,0.0,0.0,0.0,0.0,1.0,1.0
642,1.0,0.0,0.0,0.0,0.0,0.0,0.0,1.0,1.0
643,1.0,1.0,0.0,0.0,1.0,1.0,0.0,1.0,3.0
644,1.0,0.0,0.0,0.0,0.0,0.0,0.0,1.0,1.0
645,1.0,0.0,0.0,0.0,0.0,0.0,0.0,1.0,1.0
646,1.0,0.0,0.0,0.0,0.0,0.0,0.0,1.0,1.0
647,1.0,0.0,0.0,0.0,0.0,0.0,0.0,1.0,1.0
648,1.0,0.0,0.0,0.0,0.0,0.0,0.0,1.0,1.0
649,1.0,0.0,0.0,0.0,0.0,0.0,0.0,1.0,1.0
650,1.0,1.0,0.0,0.0,1.0,1.0,0.0,1.0,3.0
651,1.0,0.0,0.0,0.0,0.0,0.0,0.0,1.0,1.0
652,1.0,0.0,0.0,0.0,0.0,0.0,0.0,1.0,1.0
653,1.0,0.0,0.0,0.0,0.0,0.0,0.0,1.0,1.0
654,1.0,0.0,0.0,0.0,0.0,0.0,0.0,1.0,1.0
655,1.0,0.0,0.0,0.0,0.0,0.0,0.0,1.0,1.0
656,1.0,0.0,0.0,0.0,0.0,0.0,0.0,1.0,1.0
657,1.0,0.0,0.0,0.0,0.0,0.0,0.0,1.0,1.0
658,1.0,0.0,0.0,0.0,0.0,0.0,0.0,1.0,1.0
659,1.0,0.0,0.0,0.0,0.0,0.0,0.0,1.0,1.0
660,1.0,1.0,0.0,0.0,1.0,1.0,0.0,1.0,3.0
661,1.0,0.0,0.0,0.0,0.0,0.0,0.0,1.0,1.0
662,1.0,0.0,0.0,0.0,0.0,0.0,0.0,1.0,1.0
663,1.0,0.0,0.0,0.0,0.0,0.0,0.0,1.0,1.0
664,1.0,0.0,0.0,0.0,0.0,0.0,0.0,1.0,1.0
665,1.0,0.0,0.0,0.0,0.0,0.0,0.0,1.0,1.0
666,1.0,0.0,0.0,0.0,0.0,0.0,0.0,1.0,1.0
667,1.0,0.0,0.0,0.0,0.0,0.0,0.0,1.0,1.0
668,1.0,0.0,0.0,0.0,0.0,0.0,0.0,1.0,1.0
669,1.0,0.0,0.0,0.0,0.0,0.0,0.0,1.0,1.0
670,1.0,0.0,0.0,0.0,0.0,0.0,0.0,1.0,1.0
671,1.0,0.0,0.0,0.0,0.0,0.0,0.0,1.0,1.0
672,1.0,0.0,0.0,0.0,0.0,0.0,0.0,1.0,1.0
673,1.0,0.0,0.0,0.0,0.0,0.0,0.0,1.0,1.0
674,1.0,0.0,0.0,0.0,0.0,0.0,0.0,1.0,1.0
675,1.0,1.0,0.0,0.0,1.0,1.0,0.0,1.0,3.0
676,1.0,0.0,0.0,0.0,0.0,0.0,0.0,1.0,1.0
677,1.0,0.0,0.0,0.0,0.0,0.0,0.0,1.0,1.0
678,1.0,1.0,0.0,0.0,1.0,1.0,0.0,1.0,3.0
679,1.0,1.0,0.0,0.0,1.0,1.0,0.0,1.0,3.0
680,1.0,0.0,0.0,0.0,0.0,0.0,0.0,1.0,1.0
681,1.0,0.0,0.0,0.0,0.0,0.0,0.0,1.0,1.0
682,1.0,0.0,0.0,0.0,0.0,0.0,0.0,1.0,1.0
683,1.0,0.0,0.0,0.0,0.0,0.0,0.0,1.0,1.0
684,1.0,0.0,0.0,0.0,0.0,0.0,0.0,1.0,1.0
685,1.0,1.0,0.0,0.0,1.0,1.0,0.0,1.0,3.0
686,1.0,0.0,0.0,0.0,0.0,0.0,0.0,1.0,1.0
687,1.0,0.0,0.0,0.0,0.0,0.0,0.0,1.0,1.0
688,1.0,0.0,0.0,0.0,0.0,0.0,0.0,1.0,1.0
689,1.0,0.0,0.0,0.0,0.0,0.0,0.0,1.0,1.0
690,1.0,0.0,0.0,0.0,0.0,0.0,0.0,1.0,1.0
691,1.0,0.0,0.0,0.0,0.0,0.0,0.0,1.0,1.0
692,1.0,0.0,0.0,0.0,0.0,0.0,0.0,1.0,1.0
693,1.0,0.0,0.0,0.0,0.0,0.0,0.0,1.0,1.0
694,1.0,0.0,0.0,0.0,0.0,0.0,0.0,1.0,1.0
695,1.0,0.0,0.0,0.0,0.0,0.0,0.0,1.0,1.0
696,1.0,0.0,0.0,0.0,0.0,0.0,0.0,1.0,1.0
697,1.0,0.0,0.0,0.0,0.0,0.0,0.0,1.0,1.0
698,1.0,1.0,0.0,0.0,1.0,1.0,0.0,1.0,3.0
699,1.0,0.0,0.0,0.0,0.0,0.0,0.0,1.0,1.0
700,1.0,0.0,0.0,0.0,0.0,0.0,0.0,1.0,1.0
701,1.0,0.0,0.0,0.0,0.0,0.0,0.0,1.0,1.0
702,1.0,0.0,0.0,0.0,0.0,0.0,0.0,1.0,1.0
703,1.0,0.0,0.0,0.0,0.0,0.0,0.0,1.0,1.0
704,1.0,0.0,0.0,0.0,0.0,0.0,0.0,1.0,1.0
705,1.0,0.0,0.0,0.0,0.0,0.0,0.0,1.0,1.0
706,1.0,0.0,0.0,0.0,0.0,0.0,0.0,1.0,1.0
707,1.0,0.0,0.0,0.0,0.0,0.0,0.0,1.0,1.0
708,1.0,0.0,0.0,0.0,0.0,0.0,0.0,1.0,1.0
709,1.0,0.0,0.0,0.0,0.0,0.0,0.0,1.0,1.0
710,1.0,0.0,0.0,0.0,0.0,0.0,0.0,1.0,1.0
711,1.0,0.0,0.0,0.0,0.0,0.0,0.0,1.0,1.0
712,1.0,0.0,0.0,0.0,0.0,0.0,0.0,1.0,1.0
713,1.0,0.0,0.0,0.0,0.0,0.0,0.0,1.0,1.0
714,1.0,0.0,0.0,0.0,0.0,0.0,0.0,1.0,1.0
715,1.0,0.0,0.0,0.0,0.0,0.0,0.0,1.0,1.0
716,1.0,0.0,0.0,0.0,0.0,0.0,0.0,1.0,1.0
717,1.0,1.0,0.0,0.0,1.0,1.0,0.0,1.0,3.0
718,1.0,0.0,0.0,0.0,0.0,0.0,0.0,1.0,1.0
719,1.0,0.0,0.0,0.0,0.0,0.0,0.0,1.0,1.0
720,1.0,0.0,0.0,0.0,0.0,0.0,0.0,1.0,1.0
721,1.0,0.0,0.0,0.0,0.0,0.0,0.0,1.0,1.0
722,1.0,0.0,0.0,0.0,0.0,0.0,0.0,1.0,1.0
723,1.0,0.0,0.0,0.0,0.0,0.0,0.0,1.0,1.0
724,1.0,1.0,0.0,0.0,1.0,1.0,0.0,1.0,3.0
725,1.0,0.0,0.0,0.0,0.0,0.0,0.0,1.0,1.0
726,1.0,0.0,0.0,0.0,0.0,0.0,0.0,1.0,1.0
727,1.0,0.0,0.0,0.0,0.0,0.0,0.0,1.0,1.0
728,1.0,0.0,0.0,0.0,0.0,0.0,0.0,1.0,1.0
729,1.0,0.0,0.0,0.0,0.0,0.0,0.0,1.0,1.0
730,1.0,0.0,0.0,0.0,0.0,0.0,0.0,1.0,1.0
731,1.0,1.0,0.0,0.0,1.0,1.0,0.0,1.0,3.0
732,1.0,1.0,0.0,0.0,1.0,1.0,0.0,1.0,3.0
733,1.0,1.0,0.0,0.0,1.0,1.0,0.0,1.0,3.0
734,1.0,1.0,0.0,0.0,1.0,1.0,0.0,1.0,3.0
735,1.0,1.0,0.0,0.0,1.0,1.0,0.0,1.0,3.0
736,1.0,0.0,0.0,0.0,0.0,0.0,0.0,1.0,1.0
737,1.0,0.0,0.0,0.0,0.0,0.0,0.0,1.0,1.0
738,1.0,0.0,0.0,0.0,0.0,0.0,0.0,1.0,1.0
739,1.0,0.0,0.0,0.0,0.0,0.0,0.0,1.0,1.0
740,1.0,0.0,0.0,0.0,0.0,0.0,0.0,1.0,1.0
741,1.0,0.0,0.0,0.0,0.0,0.0,0.0,1.0,1.0
742,1.0,0.0,0.0,0.0,0.0,0.0,0.0,1.0,1.0
743,1.0,0.0,0.0,0.0,0.0,0.0,0.0,1.0,1.0
744,1.0,0.0,0.0,0.0,0.0,0.0,0.0,1.0,1.0
745,1.0,0.0,0.0,0.0,0.0,0.0,0.0,1.0,1.0
746,1.0,0.0,0.0,0.0,0.0,0.0,0.0,1.0,1.0
747,1.0,0.0,0.0,0.0,0.0,0.0,0.0,1.0,1.0
748,1.0,0.0,0.0,0.0,0.0,0.0,0.0,1.0,1.0
749,1.0,0.0,0.0,0.0,0.0,0.0,0.0,1.0,1.0
750,1.0,0.0,0.0,0.0,0.0,0.0,0.0,1.0,1.0
751,1.0,1.0,0.0,0.0,1.0,1.0,0.0,1.0,3.0
752,1.0,0.0,0.0,0.0,0.0,0.0,0.0,1.0,1.0
753,1.0,0.0,0.0,0.0,0.0,0.0,0.0,1.0,1.0
754,1.0,0.0,0.0,0.0,0.0,0.0,0.0,1.0,1.0
755,1.0,0.0,0.0,0.0,0.0,0.0,0.0,1.0,1.0
756,1.0,1.0,0.0,0.0,1.0,1.0,0.0,1.0,3.0
757,1.0,0.0,0.0,0.0,0.0,0.0,0.0,1.0,1.0
758,1.0,0.0,0.0,0.0,0.0,0.0,0.0,1.0,1.0
759,1.0,0.0,0.0,0.0,0.0,0.0,0.0,1.0,1.0
760,1.0,0.0,0.0,0.0,0.0,0.0,0.0,1.0,1.0
761,1.0,0.0,0.0,0.0,0.0,0.0,0.0,1.0,1.0
762,1.0,0.0,0.0,0.0,0.0,0.0,0.0,1.0,1.0
763,1.0,0.0,0.0,0.0,0.0,0.0,0.0,1.0,1.0
764,1.0,0.0,0.0,0.0,0.0,0.0,0.0,1.0,1.0
765,1.0,0.0,0.0,0.0,0.0,0.0,0.0,1.0,1.0
766,1.0,0.0,0.0,0.0,0.0,0.0,0.0,1.0,1.0
767,1.0,0.0,0.0,0.0,0.0,0.0,0.0,1.0,1.0
768,1.0,0.0,0.0,0.0,0.0,0.0,0.0,1.0,1.0
769,1.0,0.0,0.0,0.0,0.0,0.0,0.0,1.0,1.0
770,1.0,0.0,0.0,0.0,0.0,0.0,0.0,1.0,1.0
771,1.0,0.0,0.0,0.0,0.0,0.0,0.0,1.0,1.0
772,1.0,1.0,0.0,0.0,1.0,1.0,0.0,1.0,3.0
773,1.0,0.0,0.0,0.0,0.0,0.0,0.0,1.0,1.0
774,1.0,1.0,0.0,0.0,1.0,1.0,0.0,1.0,3.0
775,1.0,0.0,0.0,0.0,0.0,0.0,0.0,1.0,1.0
776,1.0,0.0,0.0,0.0,0.0,0.0,0.0,1.0,1.0
777,1.0,0.0,0.0,0.0,0.0,0.0,0.0,1.0,1.0
778,1.0,0.0,0.0,0.0,0.0,0.0,0.0,1.0,1.0
779,1.0,0.0,0.0,0.0,0.0,0.0,0.0,1.0,1.0
780,1.0,0.0,0.0,0.0,0.0,0.0,0.0,1.0,1.0
781,1.0,0.0,0.0,0.0,0.0,0.0,0.0,1.0,1.0
782,1.0,0.0,0.0,0.0,0.0,0.0,0.0,1.0,1.0
783,1.0,0.0,0.0,0.0,0.0,0.0,0.0,1.0,1.0
784,1.0,1.0,0.0,0.0,1.0,1.0,0.0,1.0,3.0
785,1.0,0.0,0.0,0.0,0.0,0.0,0.0,1.0,1.0
786,1.0,0.0,0.0,0.0,0.0,0.0,0.0,1.0,1.0
787,1.0,0.0,0.0,0.0,0.0,0.0,0.0,1.0,1.0
788,1.0,0.0,0.0,0.0,0.0,0.0,0.0,1.0,1.0
789,1.0,1.0,0.0,0.0,1.0,1.0,0.0,1.0,3.0
790,1.0,0.0,0.0,0.0,0.0,0.0,0.0,1.0,1.0
791,1.0,0.0,0.0,0.0,0.0,0.0,0.0,1.0,1.0
792,1.0,0.0,0.0,0.0,0.0,0.0,0.0,1.0,1.0
793,1.0,0.0,0.0,0.0,0.0,0.0,0.0,1.0,1.0
794,1.0,0.0,0.0,0.0,0.0,0.0,0.0,1.0,1.0
795,1.0,0.0,0.0,0.0,0.0,0.0,0.0,1.0,1.0
796,1.0,0.0,0.0,0.0,0.0,0.0,0.0,1.0,1.0
797,1.0,0.0,0.0,0.0,0.0,0.0,0.0,1.0,1.0
798,1.0,1.0,0.0,0.0,1.0,1.0,0.0,1.0,3.0
799,1.0,0.0,0.0,0.0,0.0,0.0,0.0,1.0,1.0
800,1.0,0.0,0.0,0.0,0.0,0.0,0.0,1.0,1.0
801,1.0,1.0,0.0,0.0,1.0,1.0,0.0,1.0,3.0
802,1.0,0.0,0.0,0.0,0.0,0.0,0.0,1.0,1.0
803,1.0,1.0,0.0,0.0,1.0,1.0,0.0,1.0,3.0
804,1.0,0.0,0.0,0.0,0.0,0.0,0.0,1.0,1.0
805,1.0,0.0,0.0,0.0,0.0,0.0,0.0,1.0,1.0
806,1.0,0.0,0.0,0.0,0.0,0.0,0.0,1.0,1.0
807,1.0,0.0,0.0,0.0,0.0,0.0,0.0,1.0,1.0
808,1.0,0.0,0.0,0.0,0.0,0.0,0.0,1.0,1.0
809,1.0,0.0,0.0,0.0,0.0,0.0,0.0,1.0,1.0
810,1.0,0.0,0.0,0.0,0.0,0.0,0.0,1.0,1.0
811,1.0,0.0,0.0,0.0,0.0,0.0,0.0,1.0,1.0
812,1.0,0.0,0.0,0.0,0.0,0.0,0.0,1.0,1.0
813,1.0,1.0,0.0,0.0,1.0,1.0,0.0,1.0,3.0
814,1.0,0.0,0.0,0.0,0.0,0.0,0.0,1.0,1.0
815,1.0,0.0,0.0,0.0,0.0,0.0,0.0,1.0,1.0
816,1.0,0.0,0.0,0.0,0.0,0.0,0.0,1.0,1.0
817,1.0,1.0,0.0,0.0,1.0,1.0,0.0,1.0,3.0
818,1.0,0.0,0.0,0.0,0.0,0.0,0.0,1.0,1.0
819,1.0,0.0,0.0,0.0,0.0,0.0,0.0,1.0,1.0
820,1.0,0.0,0.0,0.0,0.0,0.0,0.0,1.0,1.0
821,1.0,0.0,0.0,0.0,0.0,0.0,0.0,1.0,1.0
822,1.0,0.0,0.0,0.0,0.0,0.0,0.0,1.0,1.0
823,1.0,0.0,0.0,0.0,0.0,0.0,0.0,1.0,1.0
824,1.0,0.0,0.0,0.0,0.0,0.0,0.0,1.0,1.0
825,1.0,0.0,0.0,0.0,0.0,0.0,0.0,1.0,1.0
826,1.0,0.0,0.0,0.0,0.0,0.0,0.0,1.0,1.0
827,1.0,0.0,0.0,0.0,0.0,0.0,0.0,1.0,1.0
828,1.0,0.0,0.0,0.0,0.0,0.0,0.0,1.0,1.0
829,1.0,0.0,0.0,0.0,0.0,0.0,0.0,1.0,1.0
830,1.0,0.0,0.0,0.0,0.0,0.0,0.0,1.0,1.0
831,1.0,0.0,0.0,0.0,0.0,0.0,0.0,1.0,1.0
832,1.0,0.0,0.0,0.0,0.0,0.0,0.0,1.0,1.0
833,1.0,0.0,0.0,0.0,0.0,0.0,0.0,1.0,1.0
834,1.0,0.0,0.0,0.0,0.0,0.0,0.0,1.0,1.0
835,1.0,1.0,0.0,0.0,1.0,1.0,0.0,1.0,3.0
836,1.0,0.0,0.0,0.0,0.0,0.0,0.0,1.0,1.0
837,1.0,0.0,0.0,0.0,0.0,0.0,0.0,1.0,1.0
838,1.0,0.0,0.0,0.0,0.0,0.0,0.0,1.0,1.0
839,1.0,1.0,0.0,0.0,1.0,1.0,0.0,1.0,3.0
840,1.0,0.0,0.0,0.0,0.0,0.0,0.0,1.0,1.0
841,1.0,0.0,0.0,0.0,0.0,0.0,0.0,1.0,1.0
842,1.0,1.0,0.0,0.0,1.0,1.0,0.0,1.0,3.0
843,1.0,0.0,0.0,0.0,0.0,0.0,0.0,1.0,1.0
844,1.0,0.0,0.0,0.0,0.0,0.0,0.0,1.0,1.0
845,1.0,0.0,0.0,0.0,0.0,0.0,0.0,1.0,1.0
846,1.0,0.0,0.0,0.0,0.0,0.0,0.0,1.0,1.0
847,1.0,0.0,0.0,0.0,0.0,0.0,0.0,1.0,1.0
848,1.0,0.0,0.0,0.0,0.0,0.0,0.0,1.0,1.0
849,1.0,0.0,0.0,0.0,0.0,0.0,0.0,1.0,1.0
850,1.0,0.0,0.0,0.0,0.0,0.0,0.0,1.0,1.0
851,1.0,0.0,0.0,0.0,0.0,0.0,0.0,1.0,1.0
852,1.0,0.0,0.0,0.0,0.0,0.0,0.0,1.0,1.0
853,1.0,1.0,0.0,0.0,1.0,1.0,0.0,1.0,3.0
854,1.0,0.0,0.0,0.0,0.0,0.0,0.0,1.0,1.0
855,1.0,0.0,0.0,0.0,0.0,0.0,0.0,1.0,1.0
856,1.0,1.0,0.0,0.0,1.0,1.0,0.0,1.0,3.0
857,1.0,0.0,0.0,0.0,0.0,0.0,0.0,1.0,1.0
858,1.0,0.0,0.0,0.0,0.0,0.0,0.0,1.0,1.0
859,1.0,1.0,0.0,0.0,1.0,1.0,0.0,1.0,3.0
860,1.0,0.0,0.0,0.0,0.0,0.0,0.0,1.0,1.0
861,1.0,0.0,0.0,0.0,0.0,0.0,0.0,1.0,1.0
862,1.0,0.0,0.0,0.0,0.0,0.0,0.0,1.0,1.0
863,1.0,0.0,0.0,0.0,0.0,0.0,0.0,1.0,1.0
864,1.0,1.0,0.0,0.0,1.0,1.0,0.0,1.0,3.0
865,1.0,0.0,0.0,0.0,0.0,0.0,0.0,1.0,1.0
866,1.0,1.0,0.0,0.0,1.0,1.0,0.0,1.0,3.0
867,1.0,0.0,0.0,0.0,0.0,0.0,0.0,1.0,1.0
868,1.0,0.0,0.0,0.0,0.0,0.0,0.0,1.0,1.0
869,1.0,0.0,0.0,0.0,0.0,0.0,0.0,1.0,1.0
870,1.0,0.0,0.0,0.0,0.0,0.0,0.0,1.0,1.0
871,1.0,0.0,0.0,0.0,0.0,0.0,0.0,1.0,1.0
872,1.0,0.0,0.0,0.0,0.0,0.0,0.0,1.0,1.0
873,1.0,0.0,0.0,0.0,0.0,0.0,0.0,1.0,1.0
874,1.0,1.0,0.0,0.0,1.0,1.0,0.0,1.0,3.0
875,1.0,0.0,0.0,0.0,0.0,0.0,0.0,1.0,1.0
876,1.0,0.0,0.0,0.0,0.0,0.0,0.0,1.0,1.0
877,1.0,0.0,0.0,0.0,0.0,0.0,0.0,1.0,1.0
878,1.0,0.0,0.0,0.0,0.0,0.0,0.0,1.0,1.0
879,1.0,0.0,0.0,0.0,0.0,0.0,0.0,1.0,1.0
880,1.0,0.0,0.0,0.0,0.0,0.0,0.0,1.0,1.0
881,1.0,1.0,0.0,0.0,1.0,1.0,0.0,1.0,3.0
882,1.0,0.0,0.0,0.0,0.0,0.0,0.0,1.0,1.0
883,1.0,0.0,0.0,0.0,0.0,0.0,0.0,1.0,1.0
884,1.0,0.0,0.0,0.0,0.0,0.0,0.0,1.0,1.0
885,1.0,0.0,0.0,0.0,0.0,0.0,0.0,1.0,1.0
886,1.0,0.0,0.0,0.0,0.0,0.0,0.0,1.0,1.0
887,1.0,0.0,0.0,0.0,0.0,0.0,0.0,1.0,1.0
888,1.0,0.0,0.0,0.0,0.0,0.0,0.0,1.0,1.0
889,1.0,1.0,0.0,0.0,1.0,1.0,0.0,1.0,3.0
890,1.0,0.0,0.0,0.0,0.0,0.0,0.0,1.0,1.0
891,1.0,0.0,0.0,0.0,0.0,0.0,0.0,1.0,1.0
892,1.0,0.0,0.0,0.0,0.0,0.0,0.0,1.0,1.0
893,1.0,0.0,0.0,0.0,0.0,0.0,0.0,1.0,1.0
894,1.0,0.0,0.0,0.0,0.0,0.0,0.0,1.0,1.0
895,1.0,0.0,0.0,0.0,0.0,0.0,0.0,1.0,1.0
896,1.0,0.0,0.0,0.0,0.0,0.0,0.0,1.0,1.0
897,1.0,0.0,0.0,0.0,0.0,0.0,0.0,1.0,1.0
898,1.0,1.0,0.0,0.0,1.0,1.0,0.0,1.0,3.0
899,1.0,1.0,0.0,0.0,1.0,1.0,0.0,1.0,3.0
900,1.0,0.0,0.0,0.0,0.0,0.0,0.0,1.0,1.0
901,1.0,0.0,0.0,0.0,0.0,0.0,0.0,1.0,1.0
902,1.0,0.0,0.0,0.0,0.0,0.0,0.0,1.0,1.0
903,1.0,0.0,0.0,0.0,0.0,0.0,0.0,1.0,1.0
904,1.0,0.0,0.0,0.0,0.0,0.0,0.0,1.0,1.0
905,1.0,1.0,0.0,0.0,1.0,1.0,0.0,1.0,3.0
906,1.0,0.0,0.0,0.0,0.0,0.0,0.0,1.0,1.0
907,1.0,0.0,0.0,0.0,0.0,0.0,0.0,1.0,1.0
908,1.0,0.0,0.0,0.0,0.0,0.0,0.0,1.0,1.0
909,1.0,0.0,0.0,0.0,0.0,0.0,0.0,1.0,1.0
910,1.0,0.0,0.0,0.0,0.0,0.0,0.0,1.0,1.0
911,1.0,0.0,0.0,0.0,0.0,0.0,0.0,1.0,1.0
912,1.0,0.0,0.0,0.0,0.0,0.0,0.0,1.0,1.0
913,1.0,0.0,0.0,0.0,0.0,0.0,0.0,1.0,1.0
914,1.0,0.0,0.0,0.0,0.0,0.0,0.0,1.0,1.0
915,1.0,0.0,0.0,0.0,0.0,0.0,0.0,1.0,1.0
916,1.0,0.0,0.0,0.0,0.0,0.0,0.0,1.0,1.0
917,1.0,0.0,0.0,0.0,0.0,0.0,0.0,1.0,1.0
918,1.0,0.0,0.0,0.0,0.0,0.0,0.0,1.0,1.0
919,1.0,0.0,0.0,0.0,0.0,0.0,0.0,1.0,1.0
920,1.0,0.0,0.0,0.0,0.0,0.0,0.0,1.0,1.0
921,1.0,0.0,0.0,0.0,0.0,0.0,0.0,1.0,1.0
922,1.0,0.0,0.0,0.0,0.0,0.0,0.0,1.0,1.0
923,1.0,0.0,0.0,0.0,0.0,0.0,0.0,1.0,1.0
924,1.0,0.0,0.0,0.0,0.0,0.0,0.0,1.0,1.0
925,1.0,0.0,0.0,0.0,0.0,0.0,0.0,1.0,1.0
926,1.0,0.0,0.0,0.0,0.0,0.0,0.0,1.0,1.0
927,1.0,0.0,0.0,0.0,0.0,0.0,0.0,1.0,1.0
928,1.0,0.0,0.0,0.0,0.0,0.0,0.0,1.0,1.0
929,1.0,0.0,0.0,0.0,0.0,0.0,0.0,1.0,1.0
930,1.0,0.0,0.0,0.0,0.0,0.0,0.0,1.0,1.0
931,1.0,1.0,0.0,0.0,1.0,1.0,0.0,1.0,3.0
932,1.0,0.0,0.0,0.0,0.0,0.0,0.0,1.0,1.0
933,1.0,0.0,0.0,0.0,0.0,0.0,0.0,1.0,1.0
934,1.0,0.0,0.0,0.0,0.0,0.0,0.0,1.0,1.0
935,1.0,0.0,0.0,0.0,0.0,0.0,0.0,1.0,1.0
936,1.0,0.0,0.0,0.0,0.0,0.0,0.0,1.0,1.0
937,1.0,0.0,0.0,0.0,0.0,0.0,0.0,1.0,1.0
938,1.0,0.0,0.0,0.0,0.0,0.0,0.0,1.0,1.0
939,1.0,0.0,0.0,0.0,0.0,0.0,0.0,1.0,1.0
940,1.0,0.0,0.0,0.0,0.0,0.0,0.0,1.0,1.0
941,1.0,0.0,0.0,0.0,0.0,0.0,0.0,1.0,1.0
942,1.0,1.0,0.0,0.0,1.0,1.0,0.0,1.0,3.0
943,1.0,0.0,0.0,0.0,0.0,0.0,0.0,1.0,1.0
944,1.0,0.0,0.0,0.0,0.0,0.0,0.0,1.0,1.0
945,1.0,0.0,0.0,0.0,0.0,0.0,0.0,1.0,1.0
946,1.0,0.0,0.0,0.0,0.0,0.0,0.0,1.0,1.0
947,1.0,0.0,0.0,0.0,0.0,0.0,0.0,1.0,1.0
948,1.0,0.0,0.0,0.0,0.0,0.0,0.0,1.0,1.0
949,1.0,0.0,0.0,0.0,0.0,0.0,0.0,1.0,1.0
950,1.0,0.0,0.0,0.0,0.0,0.0,0.0,1.0,1.0
951,1.0,0.0,0.0,0.0,0.0,0.0,0.0,1.0,1.0
952,1.0,0.0,0.0,0.0,0.0,0.0,0.0,1.0,1.0
953,1.0,0.0,0.0,0.0,0.0,0.0,0.0,1.0,1.0
954,1.0,0.0,0.0,0.0,0.0,0.0,0.0,1.0,1.0
955,1.0,0.0,0.0,0.0,0.0,0.0,0.0,1.0,1.0
956,1.0,0.0,0.0,0.0,0.0,0.0,0.0,1.0,1.0
957,1.0,0.0,0.0,0.0,0.0,0.0,0.0,1.0,1.0
958,1.0,0.0,0.0,0.0,0.0,0.0,0.0,1.0,1.0
959,1.0,0.0,0.0,0.0,0.0,0.0,0.0,1.0,1.0
960,1.0,1.0,0.0,0.0,1.0,1.0,0.0,1.0,3.0
961,1.0,0.0,0.0,0.0,0.0,0.0,0.0,1.0,1.0
962,1.0,0.0,0.0,0.0,0.0,0.0,0.0,1.0,1.0
963,1.0,0.0,0.0,0.0,0.0,0.0,0.0,1.0,1.0
964,1.0,0.0,0.0,0.0,0.0,0.0,0.0,1.0,1.0
965,1.0,0.0,0.0,0.0,0.0,0.0,0.0,1.0,1.0
966,1.0,0.0,0.0,0.0,0.0,0.0,0.0,1.0,1.0
967,1.0,0.0,0.0,0.0,0.0,0.0,0.0,1.0,1.0
968,1.0,0.0,0.0,0.0,0.0,0.0,0.0,1.0,1.0
969,1.0,0.0,0.0,0.0,0.0,0.0,0.0,1.0,1.0
970,1.0,0.0,0.0,0.0,0.0,0.0,0.0,1.0,1.0
971,1.0,0.0,0.0,0.0,0.0,0.0,0.0,1.0,1.0
972,1.0,0.0,0.0,0.0,0.0,0.0,0.0,1.0,1.0
973,1.0,0.0,0.0,0.0,0.0,0.0,0.0,1.0,1.0
974,1.0,0.0,0.0,0.0,0.0,0.0,0.0,1.0,1.0
975,1.0,1.0,0.0,0.0,1.0,1.0,0.0,1.0,3.0
976,1.0,0.0,0.0,0.0,0.0,0.0,0.0,1.0,1.0
977,1.0,1.0,0.0,0.0,1.0,1.0,0.0,1.0,3.0
978,1.0,0.0,0.0,0.0,0.0,0.0,0.0,1.0,1.0
979,1.0,0.0,0.0,0.0,0.0,0.0,0.0,1.0,1.0
980,1.0,0.0,0.0,0.0,0.0,0.0,0.0,1.0,1.0
981,1.0,0.0,0.0,0.0,0.0,0.0,0.0,1.0,1.0
982,1.0,1.0,0.0,0.0,1.0,1.0,0.0,1.0,3.0
983,1.0,1.0,0.0,0.0,1.0,1.0,0.0,1.0,3.0
984,1.0,0.0,0.0,0.0,0.0,0.0,0.0,1.0,1.0
985,1.0,0.0,0.0,0.0,0.0,0.0,0.0,1.0,1.0
986,1.0,0.0,0.0,0.0,0.0,0.0,0.0,1.0,1.0
987,1.0,0.0,0.0,0.0,0.0,0.0,0.0,1.0,1.0
988,1.0,0.0,0.0,0.0,0.0,0.0,0.0,1.0,1.0
989,1.0,0.0,0.0,0.0,0.0,0.0,0.0,1.0,1.0
990,1.0,0.0,0.0,0.0,0.0,0.0,0.0,1.0,1.0
991,1.0,0.0,0.0,0.0,0.0,0.0,0.0,1.0,1.0
992,1.0,0.0,0.0,0.0,0.0,0.0,0.0,1.0,1.0
993,1.0,0.0,0.0,0.0,0.0,0.0,0.0,1.0,1.0
994,1.0,0.0,0.0,0.0,0.0,0.0,0.0,1.0,1.0
995,1.0,0.0,0.0,0.0,0.0,0.0,0.0,1.0,1.0
996,1.0,0.0,0.0,0.0,0.0,0.0,0.0,1.0,1.0
997,1.0,0.0,0.0,0.0,0.0,0.0,0.0,1.0,1.0
998,1.0,0.0,0.0,0.0,0.0,0.0,0.0,1.0,1.0
999,1.0,0.0,0.0,0.0,0.0,0.0,0.0,1.0,1.0
1000,1.0,0.0,0.0,0.0,0.0,0.0,0.0,1.0,1.0
1001,1.0,0.0,0.0,0.0,0.0,0.0,0.0,1.0,1.0
1002,1.0,0.0,0.0,0.0,0.0,0.0,0.0,1.0,1.0
1003,1.0,0.0,0.0,0.0,0.0,0.0,0.0,1.0,1.0
1004,1.0,0.0,0.0,0.0,0.0,0.0,0.0,1.0,1.0
1005,1.0,0.0,0.0,0.0,0.0,0.0,0.0,1.0,1.0
1006,1.0,0.0,0.0,0.0,0.0,0.0,0.0,1.0,1.0
1007,1.0,0.0,0.0,0.0,0.0,0.0,0.0,1.0,1.0
1008,1.0,0.0,0.0,0.0,0.0,0.0,0.0,1.0,1.0
1009,1.0,0.0,0.0,0.0,0.0,0.0,0.0,1.0,1.0
1010,1.0,0.0,0.0,0.0,0.0,0.0,0.0,1.0,1.0
1011,1.0,0.0,0.0,0.0,0.0,0.0,0.0,1.0,1.0
1012,1.0,1.0,0.0,0.0,1.0,1.0,0.0,1.0,3.0
1013,1.0,0.0,0.0,0.0,0.0,0.0,0.0,1.0,1.0
1014,1.0,0.0,0.0,0.0,0.0,0.0,0.0,1.0,1.0
1015,1.0,0.0,0.0,0.0,0.0,0.0,0.0,1.0,1.0
1016,1.0,0.0,0.0,0.0,0.0,0.0,0.0,1.0,1.0
1017,1.0,0.0,0.0,0.0,0.0,0.0,0.0,1.0,1.0
1018,1.0,0.0,0.0,0.0,0.0,0.0,0.0,1.0,1.0
1019,1.0,0.0,0.0,0.0,0.0,0.0,0.0,1.0,1.0
1020,1.0,0.0,0.0,0.0,0.0,0.0,0.0,1.0,1.0
1021,1.0,0.0,0.0,0.0,0.0,0.0,0.0,1.0,1.0
1022,1.0,0.0,0.0,0.0,0.0,0.0,0.0,1.0,1.0
1023,1.0,0.0,0.0,0.0,0.0,0.0,0.0,1.0,1.0
1024,1.0,0.0,0.0,0.0,0.0,0.0,0.0,1.0,1.0
1025,1.0,1.0,0.0,0.0,1.0,1.0,0.0,1.0,3.0
1026,1.0,0.0,0.0,0.0,0.0,0.0,0.0,1.0,1.0
1027,1.0,0.0,0.0,0.0,0.0,0.0,0.0,1.0,1.0
1028,1.0,0.0,0.0,0.0,0.0,0.0,0.0,1.0,1.0
1029,1.0,0.0,0.0,0.0,0.0,0.0,0.0,1.0,1.0
1030,1.0,0.0,0.0,0.0,0.0,0.0,0.0,1.0,1.0
1031,1.0,0.0,0.0,0.0,0.0,0.0,0.0,1.0,1.0
1032,1.0,0.0,0.0,0.0,0.0,0.0,0.0,1.0,1.0
1033,1.0,0.0,0.0,0.0,0.0,0.0,0.0,1.0,1.0
1034,1.0,1.0,0.0,0.0,1.0,1.0,0.0,1.0,3.0
1035,1.0,1.0,0.0,0.0,1.0,1.0,0.0,1.0,3.0
1036,1.0,0.0,0.0,0.0,0.0,0.0,0.0,1.0,1.0
1037,1.0,0.0,0.0,0.0,0.0,0.0,0.0,1.0,1.0
1038,1.0,0.0,0.0,0.0,0.0,0.0,0.0,1.0,1.0
1039,1.0,0.0,0.0,0.0,0.0,0.0,0.0,1.0,1.0
1040,1.0,0.0,0.0,0.0,0.0,0.0,0.0,1.0,1.0
1041,1.0,0.0,0.0,0.0,0.0,0.0,0.0,1.0,1.0
1042,1.0,0.0,0.0,0.0,0.0,0.0,0.0,1.0,1.0
1043,1.0,0.0,0.0,0.0,0.0,0.0,0.0,1.0,1.0
1044,1.0,0.0,0.0,0.0,0.0,0.0,0.0,1.0,1.0
1045,1.0,0.0,0.0,0.0,0.0,0.0,0.0,1.0,1.0
1046,1.0,0.0,0.0,0.0,0.0,0.0,0.0,1.0,1.0
1047,1.0,0.0,0.0,0.0,0.0,0.0,0.0,1.0,1.0
1048,1.0,0.0,0.0,0.0,0.0,0.0,0.0,1.0,1.0
1049,1.0,0.0,0.0,0.0,0.0,0.0,0.0,1.0,1.0
1050,1.0,0.0,0.0,0.0,0.0,0.0,0.0,1.0,1.0
1051,1.0,0.0,0.0,0.0,0.0,0.0,0.0,1.0,1.0
1052,1.0,0.0,0.0,0.0,0.0,0.0,0.0,1.0,1.0
1053,1.0,0.0,0.0,0.0,0.0,0.0,0.0,1.0,1.0
1054,1.0,0.0,0.0,0.0,0.0,0.0,0.0,1.0,1.0
1055,1.0,0.0,0.0,0.0,0.0,0.0,0.0,1.0,1.0
1056,1.0,0.0,0.0,0.0,0.0,0.0,0.0,1.0,1.0
1057,1.0,0.0,0.0,0.0,0.0,0.0,0.0,1.0,1.0
1058,1.0,0.0,0.0,0.0,0.0,0.0,0.0,1.0,1.0
1059,1.0,0.0,0.0,0.0,0.0,0.0,0.0,1.0,1.0
1060,1.0,0.0,0.0,0.0,0.0,0.0,0.0,1.0,1.0
1061,1.0,0.0,0.0,0.0,0.0,0.0,0.0,1.0,1.0
1062,1.0,0.0,0.0,0.0,0.0,0.0,0.0,1.0,1.0
1063,1.0,0.0,0.0,0.0,0.0,0.0,0.0,1.0,1.0
1064,1.0,0.0,0.0,0.0,0.0,0.0,0.0,1.0,1.0
1065,1.0,0.0,0.0,0.0,0.0,0.0,0.0,1.0,1.0
1066,1.0,0.0,0.0,0.0,0.0,0.0,0.0,1.0,1.0
1067,1.0,0.0,0.0,0.0,0.0,0.0,0.0,1.0,1.0
1068,1.0,0.0,0.0,0.0,0.0,0.0,0.0,1.0,1.0
1069,1.0,0.0,0.0,0.0,0.0,0.0,0.0,1.0,1.0
1070,1.0,0.0,0.0,0.0,0.0,0.0,0.0,1.0,1.0
1071,1.0,0.0,0.0,0.0,0.0,0.0,0.0,1.0,1.0
1072,1.0,0.0,0.0,0.0,0.0,0.0,0.0,1.0,1.0
1073,1.0,0.0,0.0,0.0,0.0,0.0,0.0,1.0,1.0
1074,1.0,0.0,0.0,0.0,0.0,0.0,0.0,1.0,1.0
1075,1.0,0.0,0.0,0.0,0.0,0.0,0.0,1.0,1.0
1076,1.0,0.0,0.0,0.0,0.0,0.0,0.0,1.0,1.0
1077,1.0,0.0,0.0,0.0,0.0,0.0,0.0,1.0,1.0
1078,1.0,1.0,0.0,0.0,1.0,1.0,0.0,1.0,3.0
1079,1.0,0.0,0.0,0.0,0.0,0.0,0.0,1.0,1.0
1080,1.0,0.0,0.0,0.0,0.0,0.0,0.0,1.0,1.0
1081,1.0,0.0,0.0,0.0,0.0,0.0,0.0,1.0,1.0
1082,1.0,0.0,0.0,0.0,0.0,0.0,0.0,1.0,1.0
1083,1.0,0.0,0.0,0.0,0.0,0.0,0.0,1.0,1.0
1084,1.0,0.0,0.0,0.0,0.0,0.0,0.0,1.0,1.0
1085,1.0,0.0,0.0,0.0,0.0,0.0,0.0,1.0,1.0
1086,1.0,0.0,0.0,0.0,0.0,0.0,0.0,1.0,1.0
1087,1.0,0.0,0.0,0.0,0.0,0.0,0.0,1.0,1.0
1088,1.0,0.0,0.0,0.0,0.0,0.0,0.0,1.0,1.0
1089,1.0,0.0,0.0,0.0,0.0,0.0,0.0,1.0,1.0
1090,1.0,0.0,0.0,0.0,0.0,0.0,0.0,1.0,1.0
1091,1.0,0.0,0.0,0.0,0.0,0.0,0.0,1.0,1.0
1092,1.0,0.0,0.0,0.0,0.0,0.0,0.0,1.0,1.0
1093,1.0,0.0,0.0,0.0,0.0,0.0,0.0,1.0,1.0
1094,1.0,0.0,0.0,0.0,0.0,0.0,0.0,1.0,1.0
1095,1.0,0.0,0.0,0.0,0.0,0.0,0.0,1.0,1.0
1096,1.0,1.0,0.0,0.0,1.0,1.0,0.0,1.0,3.0
1097,1.0,0.0,0.0,0.0,0.0,0.0,0.0,1.0,1.0
1098,1.0,0.0,0.0,0.0,0.0,0.0,0.0,1.0,1.0
1099,1.0,0.0,0.0,0.0,0.0,0.0,0.0,1.0,1.0
1100,1.0,0.0,0.0,0.0,0.0,0.0,0.0,1.0,1.0
1101,1.0,0.0,0.0,0.0,0.0,0.0,0.0,1.0,1.0
1102,1.0,0.0,0.0,0.0,0.0,0.0,0.0,1.0,1.0
1103,1.0,0.0,0.0,0.0,0.0,0.0,0.0,1.0,1.0
1104,1.0,0.0,0.0,0.0,0.0,0.0,0.0,1.0,1.0
1105,1.0,0.0,0.0,0.0,0.0,0.0,0.0,1.0,1.0
1106,1.0,0.0,0.0,0.0,0.0,0.0,0.0,1.0,1.0
1107,1.0,0.0,0.0,0.0,0.0,0.0,0.0,1.0,1.0
1108,1.0,0.0,0.0,0.0,0.0,0.0,0.0,1.0,1.0
1109,1.0,1.0,0.0,0.0,1.0,1.0,0.0,1.0,3.0
1110,1.0,0.0,0.0,0.0,0.0,0.0,0.0,1.0,1.0
1111,1.0,0.0,0.0,0.0,0.0,0.0,0.0,1.0,1.0
1112,1.0,0.0,0.0,0.0,0.0,0.0,0.0,1.0,1.0
1113,1.0,0.0,0.0,0.0,0.0,0.0,0.0,1.0,1.0
1114,1.0,0.0,0.0,0.0,0.0,0.0,0.0,1.0,1.0
1115,1.0,0.0,0.0,0.0,0.0,0.0,0.0,1.0,1.0
1116,1.0,0.0,0.0,0.0,0.0,0.0,0.0,1.0,1.0
1117,1.0,1.0,0.0,0.0,1.0,1.0,0.0,1.0,3.0
1118,1.0,0.0,0.0,0.0,0.0,0.0,0.0,1.0,1.0
1119,1.0,0.0,0.0,0.0,0.0,0.0,0.0,1.0,1.0
1120,1.0,0.0,0.0,0.0,0.0,0.0,0.0,1.0,1.0
1121,1.0,0.0,0.0,0.0,0.0,0.0,0.0,1.0,1.0
1122,1.0,0.0,0.0,0.0,0.0,0.0,0.0,1.0,1.0
1123,1.0,1.0,0.0,0.0,1.0,1.0,0.0,1.0,3.0
1124,1.0,0.0,0.0,0.0,0.0,0.0,0.0,1.0,1.0
1125,1.0,0.0,0.0,0.0,0.0,0.0,0.0,1.0,1.0
1126,1.0,1.0,0.0,0.0,1.0,1.0,0.0,1.0,3.0
1127,1.0,0.0,0.0,0.0,0.0,0.0,0.0,1.0,1.0
1128,1.0,0.0,0.0,0.0,0.0,0.0,0.0,1.0,1.0
1129,1.0,0.0,0.0,0.0,0.0,0.0,0.0,1.0,1.0
1130,1.0,0.0,0.0,0.0,0.0,0.0,0.0,1.0,1.0
1131,1.0,0.0,0.0,0.0,0.0,0.0,0.0,1.0,1.0
1132,1.0,0.0,0.0,0.0,0.0,0.0,0.0,1.0,1.0
1133,1.0,0.0,0.0,0.0,0.0,0.0,0.0,1.0,1.0
1134,1.0,0.0,0.0,0.0,0.0,0.0,0.0,1.0,1.0
1135,1.0,0.0,0.0,0.0,0.0,0.0,0.0,1.0,1.0
1136,1.0,0.0,0.0,0.0,0.0,0.0,0.0,1.0,1.0
1137,1.0,0.0,0.0,0.0,0.0,0.0,0.0,1.0,1.0
1138,1.0,0.0,0.0,0.0,0.0,0.0,0.0,1.0,1.0
1139,1.0,0.0,0.0,0.0,0.0,0.0,0.0,1.0,1.0
1140,1.0,1.0,0.0,0.0,1.0,1.0,0.0,1.0,3.0
1141,1.0,0.0,0.0,0.0,0.0,0.0,0.0,1.0,1.0
1142,1.0,0.0,0.0,0.0,0.0,0.0,0.0,1.0,1.0
1143,1.0,0.0,0.0,0.0,0.0,0.0,0.0,1.0,1.0
1144,1.0,0.0,0.0,0.0,0.0,0.0,0.0,1.0,1.0
1145,1.0,0.0,0.0,0.0,0.0,0.0,0.0,1.0,1.0
1146,1.0,0.0,0.0,0.0,0.0,0.0,0.0,1.0,1.0
1147,1.0,1.0,0.0,0.0,1.0,1.0,0.0,1.0,3.0
1148,1.0,0.0,0.0,0.0,0.0,0.0,0.0,1.0,1.0
1149,1.0,0.0,0.0,0.0,0.0,0.0,0.0,1.0,1.0
1150,1.0,0.0,0.0,0.0,0.0,0.0,0.0,1.0,1.0
1151,1.0,0.0,0.0,0.0,0.0,0.0,0.0,1.0,1.0
1152,1.0,0.0,0.0,0.0,0.0,0.0,0.0,1.0,1.0
1153,1.0,0.0,0.0,0.0,0.0,0.0,0.0,1.0,1.0
1154,1.0,0.0,0.0,0.0,0.0,0.0,0.0,1.0,1.0
1155,1.0,0.0,0.0,0.0,0.0,0.0,0.0,1.0,1.0
1156,1.0,1.0,0.0,0.0,1.0,1.0,0.0,1.0,3.0
1157,1.0,0.0,0.0,0.0,0.0,0.0,0.0,1.0,1.0
1158,1.0,0.0,0.0,0.0,0.0,0.0,0.0,1.0,1.0
1159,1.0,0.0,0.0,0.0,0.0,0.0,0.0,1.0,1.0
1160,1.0,0.0,0.0,0.0,0.0,0.0,0.0,1.0,1.0
1161,1.0,0.0,0.0,0.0,0.0,0.0,0.0,1.0,1.0
1162,1.0,0.0,0.0,0.0,0.0,0.0,0.0,1.0,1.0
1163,1.0,0.0,0.0,0.0,0.0,0.0,0.0,1.0,1.0
1164,1.0,0.0,0.0,0.0,0.0,0.0,0.0,1.0,1.0
1165,1.0,0.0,0.0,0.0,0.0,0.0,0.0,1.0,1.0
1166,1.0,0.0,0.0,0.0,0.0,0.0,0.0,1.0,1.0
1167,1.0,0.0,0.0,0.0,0.0,0.0,0.0,1.0,1.0
1168,1.0,0.0,0.0,0.0,0.0,0.0,0.0,1.0,1.0
1169,1.0,0.0,0.0,0.0,0.0,0.0,0.0,1.0,1.0
1170,1.0,0.0,0.0,0.0,0.0,0.0,0.0,1.0,1.0
1171,1.0,0.0,0.0,0.0,0.0,0.0,0.0,1.0,1.0
1172,1.0,0.0,0.0,0.0,0.0,0.0,0.0,1.0,1.0
1173,1.0,0.0,0.0,0.0,0.0,0.0,0.0,1.0,1.0
1174,1.0,0.0,0.0,0.0,0.0,0.0,0.0,1.0,1.0
1175,1.0,0.0,0.0,0.0,0.0,0.0,0.0,1.0,1.0
1176,1.0,0.0,0.0,0.0,0.0,0.0,0.0,1.0,1.0
1177,1.0,0.0,0.0,0.0,0.0,0.0,0.0,1.0,1.0
1178,1.0,0.0,0.0,0.0,0.0,0.0,0.0,1.0,1.0
1179,1.0,0.0,0.0,0.0,0.0,0.0,0.0,1.0,1.0
1180,1.0,0.0,0.0,0.0,0.0,0.0,0.0,1.0,1.0
1181,1.0,0.0,0.0,0.0,0.0,0.0,0.0,1.0,1.0
1182,1.0,0.0,0.0,0.0,0.0,0.0,0.0,1.0,1.0
1183,1.0,0.0,0.0,0.0,0.0,0.0,0.0,1.0,1.0
1184,1.0,0.0,0.0,0.0,0.0,0.0,0.0,1.0,1.0
1185,1.0,0.0,0.0,0.0,0.0,0.0,0.0,1.0,1.0
1186,1.0,0.0,0.0,0.0,0.0,0.0,0.0,1.0,1.0
1187,1.0,0.0,0.0,0.0,0.0,0.0,0.0,1.0,1.0
1188,1.0,0.0,0.0,0.0,0.0,0.0,0.0,1.0,1.0
1189,1.0,0.0,0.0,0.0,0.0,0.0,0.0,1.0,1.0
1190,1.0,0.0,0.0,0.0,0.0,0.0,0.0,1.0,1.0
1191,1.0,0.0,0.0,0.0,0.0,0.0,0.0,1.0,1.0
1192,1.0,1.0,0.0,0.0,1.0,1.0,0.0,1.0,3.0
1193,1.0,0.0,0.0,0.0,0.0,0.0,0.0,1.0,1.0
1194,1.0,0.0,0.0,0.0,0.0,0.0,0.0,1.0,1.0
1195,1.0,0.0,0.0,0.0,0.0,0.0,0.0,1.0,1.0
1196,1.0,0.0,0.0,0.0,0.0,0.0,0.0,1.0,1.0
1197,1.0,0.0,0.0,0.0,0.0,0.0,0.0,1.0,1.0
1198,1.0,0.0,0.0,0.0,0.0,0.0,0.0,1.0,1.0
1199,1.0,0.0,0.0,0.0,0.0,0.0,0.0,1.0,1.0
1200,1.0,0.0,0.0,0.0,0.0,0.0,0.0,1.0,1.0
1201,1.0,0.0,0.0,0.0,0.0,0.0,0.0,1.0,1.0
1202,1.0,0.0,0.0,0.0,0.0,0.0,0.0,1.0,1.0
1203,1.0,0.0,0.0,0.0,0.0,0.0,0.0,1.0,1.0
1204,1.0,0.0,0.0,0.0,0.0,0.0,0.0,1.0,1.0
1205,1.0,0.0,0.0,0.0,0.0,0.0,0.0,1.0,1.0
1206,1.0,0.0,0.0,0.0,0.0,0.0,0.0,1.0,1.0
1207,1.0,0.0,0.0,0.0,0.0,0.0,0.0,1.0,1.0
1208,1.0,0.0,0.0,0.0,0.0,0.0,0.0,1.0,1.0
1209,1.0,1.0,0.0,0.0,1.0,1.0,0.0,1.0,3.0
1210,1.0,1.0,0.0,0.0,1.0,1.0,0.0,1.0,3.0
1211,1.0,0.0,0.0,0.0,0.0,0.0,0.0,1.0,1.0
1212,1.0,0.0,0.0,0.0,0.0,0.0,0.0,1.0,1.0
1213,1.0,0.0,0.0,0.0,0.0,0.0,0.0,1.0,1.0
1214,1.0,0.0,0.0,0.0,0.0,0.0,0.0,1.0,1.0
1215,1.0,0.0,0.0,0.0,0.0,0.0,0.0,1.0,1.0
1216,1.0,0.0,0.0,0.0,0.0,0.0,0.0,1.0,1.0
1217,1.0,0.0,0.0,0.0,0.0,0.0,0.0,1.0,1.0
1218,1.0,0.0,0.0,0.0,0.0,0.0,0.0,1.0,1.0
1219,1.0,0.0,0.0,0.0,0.0,0.0,0.0,1.0,1.0
1220,1.0,0.0,0.0,0.0,0.0,0.0,0.0,1.0,1.0
1221,1.0,0.0,0.0,0.0,0.0,0.0,0.0,1.0,1.0
1222,1.0,0.0,0.0,0.0,0.0,0.0,0.0,1.0,1.0
1223,1.0,0.0,0.0,0.0,0.0,0.0,0.0,1.0,1.0
1224,1.0,0.0,0.0,0.0,0.0,0.0,0.0,1.0,1.0
1225,1.0,0.0,0.0,0.0,0.0,0.0,0.0,1.0,1.0
1226,1.0,0.0,0.0,0.0,0.0,0.0,0.0,1.0,1.0
1227,1.0,0.0,0.0,0.0,0.0,0.0,0.0,1.0,1.0
1228,1.0,0.0,0.0,0.0,0.0,0.0,0.0,1.0,1.0
1229,1.0,0.0,0.0,0.0,0.0,0.0,0.0,1.0,1.0
1230,1.0,0.0,0.0,0.0,0.0,0.0,0.0,1.0,1.0
1231,1.0,0.0,0.0,0.0,0.0,0.0,0.0,1.0,1.0
1232,1.0,0.0,0.0,0.0,0.0,0.0,0.0,1.0,1.0
1233,1.0,0.0,0.0,0.0,0.0,0.0,0.0,1.0,1.0
1234,1.0,0.0,0.0,0.0,0.0,0.0,0.0,1.0,1.0
1235,1.0,0.0,0.0,0.0,0.0,0.0,0.0,1.0,1.0
1236,1.0,0.0,0.0,0.0,0.0,0.0,0.0,1.0,1.0
1237,1.0,0.0,0.0,0.0,0.0,0.0,0.0,1.0,1.0
1238,1.0,0.0,0.0,0.0,0.0,0.0,0.0,1.0,1.0
1239,1.0,0.0,0.0,0.0,0.0,0.0,0.0,1.0,1.0
1240,1.0,0.0,0.0,0.0,0.0,0.0,0.0,1.0,1.0
1241,1.0,0.0,0.0,0.0,0.0,0.0,0.0,1.0,1.0
1242,1.0,0.0,0.0,0.0,0.0,0.0,0.0,1.0,1.0
1243,1.0,0.0,0.0,0.0,0.0,0.0,0.0,1.0,1.0
1244,1.0,0.0,0.0,0.0,0.0,0.0,0.0,1.0,1.0
1245,1.0,0.0,0.0,0.0,0.0,0.0,0.0,1.0,1.0
1246,1.0,0.0,0.0,0.0,0.0,0.0,0.0,1.0,1.0
1247,1.0,0.0,0.0,0.0,0.0,0.0,0.0,1.0,1.0
1248,1.0,0.0,0.0,0.0,0.0,0.0,0.0,1.0,1.0
1249,1.0,0.0,0.0,0.0,0.0,0.0,0.0,1.0,1.0
1250,1.0,0.0,0.0,0.0,0.0,0.0,0.0,1.0,1.0
1251,1.0,0.0,0.0,0.0,0.0,0.0,0.0,1.0,1.0
1252,1.0,0.0,0.0,0.0,0.0,0.0,0.0,1.0,1.0
1253,1.0,0.0,0.0,0.0,0.0,0.0,0.0,1.0,1.0
1254,1.0,1.0,0.0,0.0,1.0,1.0,0.0,1.0,3.0
1255,1.0,0.0,0.0,0.0,0.0,0.0,0.0,1.0,1.0
1256,1.0,0.0,0.0,0.0,0.0,0.0,0.0,1.0,1.0
1257,1.0,0.0,0.0,0.0,0.0,0.0,0.0,1.0,1.0
1258,1.0,0.0,0.0,0.0,0.0,0.0,0.0,1.0,1.0
1259,1.0,0.0,0.0,0.0,0.0,0.0,0.0,1.0,1.0
1260,1.0,0.0,0.0,0.0,0.0,0.0,0.0,1.0,1.0
1261,1.0,0.0,0.0,0.0,0.0,0.0,0.0,1.0,1.0
1262,1.0,0.0,0.0,0.0,0.0,0.0,0.0,1.0,1.0
1263,1.0,0.0,0.0,0.0,0.0,0.0,0.0,1.0,1.0
1264,1.0,0.0,0.0,0.0,0.0,0.0,0.0,1.0,1.0
1265,1.0,0.0,0.0,0.0,0.0,0.0,0.0,1.0,1.0
1266,1.0,0.0,0.0,0.0,0.0,0.0,0.0,1.0,1.0
1267,1.0,0.0,0.0,0.0,0.0,0.0,0.0,1.0,1.0
1268,1.0,0.0,0.0,0.0,0.0,0.0,0.0,1.0,1.0
1269,1.0,0.0,0.0,0.0,0.0,0.0,0.0,1.0,1.0
1270,1.0,0.0,0.0,0.0,0.0,0.0,0.0,1.0,1.0
1271,1.0,0.0,0.0,0.0,0.0,0.0,0.0,1.0,1.0
1272,1.0,0.0,0.0,0.0,0.0,0.0,0.0,1.0,1.0
1273,1.0,0.0,0.0,0.0,0.0,0.0,0.0,1.0,1.0
1274,1.0,0.0,0.0,0.0,0.0,0.0,0.0,1.0,1.0
1275,1.0,0.0,0.0,0.0,0.0,0.0,0.0,1.0,1.0
1276,1.0,1.0,0.0,0.0,1.0,1.0,0.0,1.0,3.0
1277,1.0,0.0,0.0,0.0,0.0,0.0,0.0,1.0,1.0
1278,1.0,0.0,0.0,0.0,0.0,0.0,0.0,1.0,1.0
1279,1.0,1.0,0.0,0.0,1.0,1.0,0.0,1.0,3.0
1280,1.0,0.0,0.0,0.0,0.0,0.0,0.0,1.0,1.0
1281,1.0,0.0,0.0,0.0,0.0,0.0,0.0,1.0,1.0
1282,1.0,0.0,0.0,0.0,0.0,0.0,0.0,1.0,1.0
1283,1.0,0.0,0.0,0.0,0.0,0.0,0.0,1.0,1.0
1284,1.0,0.0,0.0,0.0,0.0,0.0,0.0,1.0,1.0
1285,1.0,0.0,0.0,0.0,0.0,0.0,0.0,1.0,1.0
1286,1.0,0.0,0.0,0.0,0.0,0.0,0.0,1.0,1.0
1287,1.0,0.0,0.0,0.0,0.0,0.0,0.0,1.0,1.0
1288,1.0,0.0,0.0,0.0,0.0,0.0,0.0,1.0,1.0
1289,1.0,0.0,0.0,0.0,0.0,0.0,0.0,1.0,1.0
1290,1.0,0.0,0.0,0.0,0.0,0.0,0.0,1.0,1.0
1291,1.0,0.0,0.0,0.0,0.0,0.0,0.0,1.0,1.0
1292,1.0,0.0,0.0,0.0,0.0,0.0,0.0,1.0,1.0
1293,1.0,0.0,0.0,0.0,0.0,0.0,0.0,1.0,1.0
1294,1.0,0.0,0.0,0.0,0.0,0.0,0.0,1.0,1.0
1295,1.0,0.0,0.0,0.0,0.0,0.0,0.0,1.0,1.0
1296,1.0,0.0,0.0,0.0,0.0,0.0,0.0,1.0,1.0
1297,1.0,0.0,0.0,0.0,0.0,0.0,0.0,1.0,1.0
1298,1.0,0.0,0.0,0.0,0.0,0.0,0.0,1.0,1.0
1299,1.0,0.0,0.0,0.0,0.0,0.0,0.0,1.0,1.0
1300,1.0,0.0,0.0,0.0,0.0,0.0,0.0,1.0,1.0
1301,1.0,0.0,0.0,0.0,0.0,0.0,0.0,1.0,1.0
1302,1.0,0.0,0.0,0.0,0.0,0.0,0.0,1.0,1.0
1303,1.0,0.0,0.0,0.0,0.0,0.0,0.0,1.0,1.0
1304,1.0,0.0,0.0,0.0,0.0,0.0,0.0,1.0,1.0
1305,1.0,0.0,0.0,0.0,0.0,0.0,0.0,1.0,1.0
1306,1.0,0.0,0.0,0.0,0.0,0.0,0.0,1.0,1.0
1307,1.0,0.0,0.0,0.0,0.0,0.0,0.0,1.0,1.0
1308,1.0,0.0,0.0,0.0,0.0,0.0,0.0,1.0,1.0
1309,1.0,0.0,0.0,0.0,0.0,0.0,0.0,1.0,1.0
1310,1.0,0.0,0.0,0.0,0.0,0.0,0.0,1.0,1.0
1311,1.0,0.0,0.0,0.0,0.0,0.0,0.0,1.0,1.0
1312,1.0,0.0,0.0,0.0,0.0,0.0,0.0,1.0,1.0
1313,1.0,0.0,0.0,0.0,0.0,0.0,0.0,1.0,1.0
1314,1.0,0.0,0.0,0.0,0.0,0.0,0.0,1.0,1.0
1315,1.0,0.0,0.0,0.0,0.0,0.0,0.0,1.0,1.0
1316,1.0,0.0,0.0,0.0,0.0,0.0,0.0,1.0,1.0
1317,1.0,0.0,0.0,0.0,0.0,0.0,0.0,1.0,1.0
1318,1.0,0.0,0.0,0.0,0.0,0.0,0.0,1.0,1.0
1319,1.0,0.0,0.0,0.0,0.0,0.0,0.0,1.0,1.0
1320,1.0,0.0,0.0,0.0,0.0,0.0,0.0,1.0,1.0
1321,1.0,0.0,0.0,0.0,0.0,0.0,0.0,1.0,1.0
1322,1.0,0.0,0.0,0.0,0.0,0.0,0.0,1.0,1.0
1323,1.0,0.0,0.0,0.0,0.0,0.0,0.0,1.0,1.0
1324,1.0,0.0,0.0,0.0,0.0,0.0,0.0,1.0,1.0
1325,1.0,0.0,0.0,0.0,0.0,0.0,0.0,1.0,1.0
1326,1.0,0.0,0.0,0.0,0.0,0.0,0.0,1.0,1.0
1327,1.0,0.0,0.0,0.0,0.0,0.0,0.0,1.0,1.0
1328,1.0,0.0,0.0,0.0,0.0,0.0,0.0,1.0,1.0
1329,1.0,0.0,0.0,0.0,0.0,0.0,0.0,1.0,1.0
1330,1.0,0.0,0.0,0.0,0.0,0.0,0.0,1.0,1.0
1331,1.0,0.0,0.0,0.0,0.0,0.0,0.0,1.0,1.0
1332,1.0,0.0,0.0,0.0,0.0,0.0,0.0,1.0,1.0
1333,1.0,0.0,0.0,0.0,0.0,0.0,0.0,1.0,1.0
1334,1.0,0.0,0.0,0.0,0.0,0.0,0.0,1.0,1.0
1335,1.0,0.0,0.0,0.0,0.0,0.0,0.0,1.0,1.0
1336,1.0,0.0,0.0,0.0,0.0,0.0,0.0,1.0,1.0
1337,1.0,0.0,0.0,0.0,0.0,0.0,0.0,1.0,1.0
1338,1.0,0.0,0.0,0.0,0.0,0.0,0.0,1.0,1.0
1339,1.0,0.0,0.0,0.0,0.0,0.0,0.0,1.0,1.0
1340,1.0,0.0,0.0,0.0,0.0,0.0,0.0,1.0,1.0
1341,1.0,0.0,0.0,0.0,0.0,0.0,0.0,1.0,1.0
1342,1.0,0.0,0.0,0.0,0.0,0.0,0.0,1.0,1.0
1343,1.0,0.0,0.0,0.0,0.0,0.0,0.0,1.0,1.0
1344,1.0,0.0,0.0,0.0,0.0,0.0,0.0,1.0,1.0
1345,1.0,0.0,0.0,0.0,0.0,0.0,0.0,1.0,1.0
1346,1.0,0.0,0.0,0.0,0.0,0.0,0.0,1.0,1.0
1347,1.0,0.0,0.0,0.0,0.0,0.0,0.0,1.0,1.0
1348,1.0,0.0,0.0,0.0,0.0,0.0,0.0,1.0,1.0
1349,1.0,0.0,0.0,0.0,0.0,0.0,0.0,1.0,1.0
1350,1.0,0.0,0.0,0.0,0.0,0.0,0.0,1.0,1.0
1351,1.0,0.0,0.0,0.0,0.0,0.0,0.0,1.0,1.0
1352,1.0,0.0,0.0,0.0,0.0,0.0,0.0,1.0,1.0
1353,1.0,0.0,0.0,0.0,0.0,0.0,0.0,1.0,1.0
1354,1.0,0.0,0.0,0.0,0.0,0.0,0.0,1.0,1.0
1355,1.0,0.0,0.0,0.0,0.0,0.0,0.0,1.0,1.0
1356,1.0,0.0,0.0,0.0,0.0,0.0,0.0,1.0,1.0
1357,1.0,0.0,0.0,0.0,0.0,0.0,0.0,1.0,1.0
1358,1.0,0.0,0.0,0.0,0.0,0.0,0.0,1.0,1.0
1359,1.0,0.0,0.0,0.0,0.0,0.0,0.0,1.0,1.0
1360,1.0,0.0,0.0,0.0,0.0,0.0,0.0,1.0,1.0
1361,1.0,0.0,0.0,0.0,0.0,0.0,0.0,1.0,1.0
1362,1.0,0.0,0.0,0.0,0.0,0.0,0.0,1.0,1.0
1363,1.0,0.0,0.0,0.0,0.0,0.0,0.0,1.0,1.0
1364,1.0,0.0,0.0,0.0,0.0,0.0,0.0,1.0,1.0
1365,1.0,0.0,0.0,0.0,0.0,0.0,0.0,1.0,1.0
1366,1.0,0.0,0.0,0.0,0.0,0.0,0.0,1.0,1.0
1367,1.0,0.0,0.0,0.0,0.0,0.0,0.0,1.0,1.0
1368,1.0,0.0,0.0,0.0,0.0,0.0,0.0,1.0,1.0
1369,1.0,0.0,0.0,0.0,0.0,0.0,0.0,1.0,1.0
1370,1.0,0.0,0.0,0.0,0.0,0.0,0.0,1.0,1.0
1371,1.0,0.0,0.0,0.0,0.0,0.0,0.0,1.0,1.0
1372,1.0,0.0,0.0,0.0,0.0,0.0,0.0,1.0,1.0
1373,1.0,0.0,0.0,0.0,0.0,0.0,0.0,1.0,1.0
1374,1.0,0.0,0.0,0.0,0.0,0.0,0.0,1.0,1.0
1375,1.0,0.0,0.0,0.0,0.0,0.0,0.0,1.0,1.0
1376,1.0,0.0,0.0,0.0,0.0,0.0,0.0,1.0,1.0
1377,1.0,0.0,0.0,0.0,0.0,0.0,0.0,1.0,1.0
1378,1.0,0.0,0.0,0.0,0.0,0.0,0.0,1.0,1.0
1379,1.0,0.0,0.0,0.0,0.0,0.0,0.0,1.0,1.0
1380,1.0,1.0,0.0,0.0,1.0,1.0,0.0,1.0,3.0
1381,1.0,0.0,0.0,0.0,0.0,0.0,0.0,1.0,1.0
1382,1.0,0.0,0.0,0.0,0.0,0.0,0.0,1.0,1.0
1383,1.0,1.0,0.0,0.0,1.0,1.0,0.0,1.0,3.0
1384,1.0,0.0,0.0,0.0,0.0,0.0,0.0,1.0,1.0
1385,1.0,0.0,0.0,0.0,0.0,0.0,0.0,1.0,1.0
1386,1.0,0.0,0.0,0.0,0.0,0.0,0.0,1.0,1.0
1387,1.0,0.0,0.0,0.0,0.0,0.0,0.0,1.0,1.0
1388,1.0,0.0,0.0,0.0,0.0,0.0,0.0,1.0,1.0
1389,1.0,1.0,0.0,0.0,1.0,1.0,0.0,1.0,3.0
1390,1.0,1.0,0.0,0.0,1.0,1.0,0.0,1.0,3.0
1391,1.0,0.0,0.0,0.0,0.0,0.0,0.0,1.0,1.0
1392,1.0,0.0,0.0,0.0,0.0,0.0,0.0,1.0,1.0
1393,1.0,0.0,0.0,0.0,0.0,0.0,0.0,1.0,1.0
1394,1.0,0.0,0.0,0.0,0.0,0.0,0.0,1.0,1.0
1395,1.0,0.0,0.0,0.0,0.0,0.0,0.0,1.0,1.0
1396,1.0,0.0,0.0,0.0,0.0,0.0,0.0,1.0,1.0
1397,1.0,0.0,0.0,0.0,0.0,0.0,0.0,1.0,1.0
1398,1.0,0.0,0.0,0.0,0.0,0.0,0.0,1.0,1.0
1399,1.0,0.0,0.0,0.0,0.0,0.0,0.0,1.0,1.0
1400,1.0,0.0,0.0,0.0,0.0,0.0,0.0,1.0,1.0
1401,1.0,0.0,0.0,0.0,0.0,0.0,0.0,1.0,1.0
1402,1.0,0.0,0.0,0.0,0.0,0.0,0.0,1.0,1.0
1403,1.0,0.0,0.0,0.0,0.0,0.0,0.0,1.0,1.0
1404,1.0,0.0,0.0,0.0,0.0,0.0,0.0,1.0,1.0
1405,1.0,0.0,0.0,0.0,0.0,0.0,0.0,1.0,1.0
1406,1.0,0.0,0.0,0.0,0.0,0.0,0.0,1.0,1.0
1407,1.0,0.0,0.0,0.0,0.0,0.0,0.0,1.0,1.0
1408,1.0,0.0,0.0,0.0,0.0,0.0,0.0,1.0,1.0
1409,1.0,0.0,0.0,0.0,0.0,0.0,0.0,1.0,1.0
1410,1.0,0.0,0.0,0.0,0.0,0.0,0.0,1.0,1.0
1411,1.0,0.0,0.0,0.0,0.0,0.0,0.0,1.0,1.0
1412,1.0,0.0,0.0,0.0,0.0,0.0,0.0,1.0,1.0
1413,1.0,0.0,0.0,0.0,0.0,0.0,0.0,1.0,1.0
1414,1.0,0.0,0.0,0.0,0.0,0.0,0.0,1.0,1.0
1415,1.0,0.0,0.0,0.0,0.0,0.0,0.0,1.0,1.0
1416,1.0,0.0,0.0,0.0,0.0,0.0,0.0,1.0,1.0
1417,1.0,0.0,0.0,0.0,0.0,0.0,0.0,1.0,1.0
1418,1.0,0.0,0.0,0.0,0.0,0.0,0.0,1.0,1.0
1419,1.0,0.0,0.0,0.0,0.0,0.0,0.0,1.0,1.0
1420,1.0,0.0,0.0,0.0,0.0,0.0,0.0,1.0,1.0
1421,1.0,0.0,0.0,0.0,0.0,0.0,0.0,1.0,1.0
1422,1.0,0.0,0.0,0.0,0.0,0.0,0.0,1.0,1.0
1423,1.0,0.0,0.0,0.0,0.0,0.0,0.0,1.0,1.0
1424,1.0,0.0,0.0,0.0,0.0,0.0,0.0,1.0,1.0
1425,1.0,0.0,0.0,0.0,0.0,0.0,0.0,1.0,1.0
1426,1.0,0.0,0.0,0.0,0.0,0.0,0.0,1.0,1.0
1427,1.0,0.0,0.0,0.0,0.0,0.0,0.0,1.0,1.0
1428,1.0,0.0,0.0,0.0,0.0,0.0,0.0,1.0,1.0
1429,1.0,0.0,0.0,0.0,0.0,0.0,0.0,1.0,1.0
1430,1.0,0.0,0.0,0.0,0.0,0.0,0.0,1.0,1.0
1431,1.0,0.0,0.0,0.0,0.0,0.0,0.0,1.0,1.0
1432,1.0,0.0,0.0,0.0,0.0,0.0,0.0,1.0,1.0
1433,1.0,0.0,0.0,0.0,0.0,0.0,0.0,1.0,1.0
1434,1.0,0.0,0.0,0.0,0.0,0.0,0.0,1.0,1.0
1435,1.0,0.0,0.0,0.0,0.0,0.0,0.0,1.0,1.0
1436,1.0,0.0,0.0,0.0,0.0,0.0,0.0,1.0,1.0
1437,1.0,0.0,0.33333333,0.0,0.0,0.0,0.00010004,1.0,1.0
1438,0.66666667,0.0,0.2,0.0,0.33333333,0.0,6.671e-05,0.5,2.0
1439,0.66666667,0.0,0.33333333,0.0,0.33333333,0.0,0.00013341,0.5,1.0
1440,0.66666667,0.0,0.33333333,0.0,0.33333333,0.0,0.00013341,0.5,1.0
1441,1.0,0.0,0.5,0.0,0.0,0.0,0.00020008,1.0,0.5
1442,1.0,0.0,0.5,0.0,0.0,0.0,0.00020008,1.0,0.5
1443,1.0,1.0,0.33333333,0.0,1.0,1.0,0.00020012,1.0,1.0
1444,0.66666667,0.0,0.33333333,0.0,0.33333333,0.0,0.00013341,0.5,1.0
